question,prompt,expected_answer,generated_text
Причиной какого явления может быть вырубка леса?,"Причиной какого явления может быть вырубка леса?
A) глобальное потепление
B) гибель океанов
C) солевые растворы
D) гибель деревьев
Какой ответ является правильным? Запишите только букву верного варианта: A, B, C или D.
Ответ: ",D,"
A) глобальное потепление"
Причиной какого явления может быть вырубка леса?,"Причиной какого явления может быть вырубка леса?
A. глобальное потепление
B. гибель океанов
C. солевые растворы
D. гибель деревьев
Какой ответ является правильным? Запишите только букву верного варианта: A, B, C или D.
Ответ: ",D,"
A. глобальное потепление"
Причиной какого явления может быть вырубка леса?,"Причиной какого явления может быть вырубка леса?
A) глобальное потепление
B) гибель океанов
C) солевые растворы
D) гибель деревьев
Какой ответ является правильным? В качестве ответа запишите только букву верного варианта: A, B, C или D без дополнительных объяснений.
Ответ: ",D,"
A) глобальное потепление"
Причиной какого явления может быть вырубка леса?,"Причиной какого явления может быть вырубка леса?
A. глобальное потепление
B. гибель океанов
C. солевые растворы
D. гибель деревьев
Какой ответ является правильным? В качестве ответа запишите только букву верного варианта: A, B, C или D без дополнительных объяснений.
Ответ: ",D,"
A. глобальное потепление"
Причиной какого явления может быть вырубка леса?,"Опираясь на логику и общеизвестные факты, ответьте на вопрос: Причиной какого явления может быть вырубка леса?
A) глобальное потепление
B) гибель океанов
C) солевые растворы
D) гибель деревьев
В качестве ответа запишите только букву верного варианта: A, B, C или D без дополнительных объяснений.
Ответ: ",D,"
A) глобальное потепление"
Причиной какого явления может быть вырубка леса?,"Опираясь на логику и общеизвестные факты, ответьте на вопрос: Причиной какого явления может быть вырубка леса?
A) глобальное потепление
B) гибель океанов
C) солевые растворы
D) гибель деревьев
Выведите ответ: A, B, C или D. Ответ:",D, D
Причиной какого явления может быть вырубка леса?,"Причиной какого явления может быть вырубка леса?
A. глобальное потепление
B. гибель океанов
C. солевые растворы
D. гибель деревьев
 Отвечая на вопрос запишите только букву верного варианта: A, B, C или D.
Ответ: ",D,"
A. глобальное потепление"
Причиной какого явления может быть вырубка леса?,"Опираясь на логику и общеизвестные факты, ответьте на вопрос: Причиной какого явления может быть вырубка леса?
A) глобальное потепление
B) гибель океанов
C) солевые растворы
D) гибель деревьев
Выведите ответ: A, B, C или D. Ответ:",D, D
Причиной какого явления может быть вырубка леса?,"Причиной какого явления может быть вырубка леса?
A. глобальное потепление
B. гибель океанов
C. солевые растворы
D. гибель деревьев
Какой ответ является правильным? В качестве ответа запишите только букву верного варианта: A, B, C или D без дополнительных объяснений.
Ответ: ",D,"
A. глобальное потепление"
Причиной какого явления может быть вырубка леса?,"Опираясь на логику и общеизвестные факты, ответьте на вопрос: Причиной какого явления может быть вырубка леса?
A) глобальное потепление
B) гибель океанов
C) солевые растворы
D) гибель деревьев
Выведите ответ: A, B, C или D. Ответ:",D, D
В чугунной печи используется топливо из этого материала,"В чугунной печи используется топливо из этого материала
A) лазеры
B) свет
C) древесина
D) звук
Какой ответ является правильным? Запишите только букву верного варианта: A, B, C или D.
Ответ: ",C,"
A) лазеры
B) світ
C) древесина
D) звук"
В чугунной печи используется топливо из этого материала,"В чугунной печи используется топливо из этого материала
A. лазеры
B. свет
C. древесина
D. звук
Какой ответ является правильным? Запишите только букву верного варианта: A, B, C или D.
Ответ: ",C,1. B. світ
В чугунной печи используется топливо из этого материала,"В чугунной печи используется топливо из этого материала
A) лазеры
B) свет
C) древесина
D) звук
Какой ответ является правильным? В качестве ответа запишите только букву верного варианта: A, B, C или D без дополнительных объяснений.
Ответ: ",C,"
A) лазеры
B) світ
C) древесина
D) звук"
В чугунной печи используется топливо из этого материала,"В чугунной печи используется топливо из этого материала
A. лазеры
B. свет
C. древесина
D. звук
Какой ответ является правильным? В качестве ответа запишите только букву верного варианта: A, B, C или D без дополнительных объяснений.
Ответ: ",C,"1. A, 2. B, 3. C, 4. D"
В чугунной печи используется топливо из этого материала,"Опираясь на логику и общеизвестные факты, ответьте на вопрос: В чугунной печи используется топливо из этого материала
A) лазеры
B) свет
C) древесина
D) звук
В качестве ответа запишите только букву верного варианта: A, B, C или D без дополнительных объяснений.
Ответ: ",C,"
A) лазеры
B) світ
C) древесина
D) звук"
В чугунной печи используется топливо из этого материала,"Опираясь на логику и общеизвестные факты, ответьте на вопрос: В чугунной печи используется топливо из этого материала
A) лазеры
B) свет
C) древесина
D) звук
Выведите ответ: A, B, C или D. Ответ:",C, C
В чугунной печи используется топливо из этого материала,"В чугунной печи используется топливо из этого материала
A. лазеры
B. свет
C. древесина
D. звук
 Отвечая на вопрос запишите только букву верного варианта: A, B, C или D.
Ответ: ",C,"1. B. світ
2. C. древесина
3. D. звук
4. A. світ
5. B. світ
6. C. древесина
7. D. звук
8. A. світ
9. B. світ
10. C. древесина
11. D. звук
12. A. світ
1"
В чугунной печи используется топливо из этого материала,"Опираясь на логику и общеизвестные факты, ответьте на вопрос: В чугунной печи используется топливо из этого материала
A) лазеры
B) свет
C) древесина
D) звук
Выведите ответ: A, B, C или D. Ответ:",C, C
В чугунной печи используется топливо из этого материала,"В чугунной печи используется топливо из этого материала
A. лазеры
B. свет
C. древесина
D. звук
Какой ответ является правильным? В качестве ответа запишите только букву верного варианта: A, B, C или D без дополнительных объяснений.
Ответ: ",C,"1. A, 2. B, 3. C, 4. D"
В чугунной печи используется топливо из этого материала,"Опираясь на логику и общеизвестные факты, ответьте на вопрос: В чугунной печи используется топливо из этого материала
A) лазеры
B) свет
C) древесина
D) звук
Выведите ответ: A, B, C или D. Ответ:",C, C
Что может дать организму нежелательные приобретенные характеристики?,"Что может дать организму нежелательные приобретенные характеристики?
A) погружение ноги в магму
B) стремление покинуть гнездо
C) обнаружение потенциального партнера
D) легкая царапина на его ноге
Какой ответ является правильным? Запишите только букву верного варианта: A, B, C или D.
Ответ: ",A,"
A) погружение ноги в магму
B) стремление покинуть гнездо
C) обнаружение потенциального партнера
D) легкая царпина на его ноге"
Что может дать организму нежелательные приобретенные характеристики?,"Что может дать организму нежелательные приобретенные характеристики?
A. погружение ноги в магму
B. стремление покинуть гнездо
C. обнаружение потенциального партнера
D. легкая царапина на его ноге
Какой ответ является правильным? Запишите только букву верного варианта: A, B, C или D.
Ответ: ",A,"
A. погружение ноги в магму
B. стремление покинуть гнездо
C. обнаружение потенциального партнера
D. легкая царапина на его ноге"
Что может дать организму нежелательные приобретенные характеристики?,"Что может дать организму нежелательные приобретенные характеристики?
A) погружение ноги в магму
B) стремление покинуть гнездо
C) обнаружение потенциального партнера
D) легкая царапина на его ноге
Какой ответ является правильным? В качестве ответа запишите только букву верного варианта: A, B, C или D без дополнительных объяснений.
Ответ: ",A,"
A) погружение ноги в магму
B) стремление покинуть гнездо
C) обнаружение потенциального партнера
D) легкая царпина на его ноге"
Что может дать организму нежелательные приобретенные характеристики?,"Что может дать организму нежелательные приобретенные характеристики?
A. погружение ноги в магму
B. стремление покинуть гнездо
C. обнаружение потенциального партнера
D. легкая царапина на его ноге
Какой ответ является правильным? В качестве ответа запишите только букву верного варианта: A, B, C или D без дополнительных объяснений.
Ответ: ",A,"
A. погружение ноги в магму"
Что может дать организму нежелательные приобретенные характеристики?,"Опираясь на логику и общеизвестные факты, ответьте на вопрос: Что может дать организму нежелательные приобретенные характеристики?
A) погружение ноги в магму
B) стремление покинуть гнездо
C) обнаружение потенциального партнера
D) легкая царапина на его ноге
В качестве ответа запишите только букву верного варианта: A, B, C или D без дополнительных объяснений.
Ответ: ",A,"
A) погружение ноги в магму
B) стремление покинуть гнездо
C) обнаружение потенциального партнера
D) легкая царапина на его ноге"
Что может дать организму нежелательные приобретенные характеристики?,"Опираясь на логику и общеизвестные факты, ответьте на вопрос: Что может дать организму нежелательные приобретенные характеристики?
A) погружение ноги в магму
B) стремление покинуть гнездо
C) обнаружение потенциального партнера
D) легкая царапина на его ноге
Выведите ответ: A, B, C или D. Ответ:",A, D
Что может дать организму нежелательные приобретенные характеристики?,"Что может дать организму нежелательные приобретенные характеристики?
A. погружение ноги в магму
B. стремление покинуть гнездо
C. обнаружение потенциального партнера
D. легкая царапина на его ноге
 Отвечая на вопрос запишите только букву верного варианта: A, B, C или D.
Ответ: ",A,"
A. погружение ноги в магму
B. стремление покинуть гнездо
C. обнаружение потенциального партнера
D. легкая царапина на его ноге"
Что может дать организму нежелательные приобретенные характеристики?,"Опираясь на логику и общеизвестные факты, ответьте на вопрос: Что может дать организму нежелательные приобретенные характеристики?
A) погружение ноги в магму
B) стремление покинуть гнездо
C) обнаружение потенциального партнера
D) легкая царапина на его ноге
Выведите ответ: A, B, C или D. Ответ:",A, D
Что может дать организму нежелательные приобретенные характеристики?,"Что может дать организму нежелательные приобретенные характеристики?
A. погружение ноги в магму
B. стремление покинуть гнездо
C. обнаружение потенциального партнера
D. легкая царапина на его ноге
Какой ответ является правильным? В качестве ответа запишите только букву верного варианта: A, B, C или D без дополнительных объяснений.
Ответ: ",A,"
A. погружение ноги в магму"
Что может дать организму нежелательные приобретенные характеристики?,"Опираясь на логику и общеизвестные факты, ответьте на вопрос: Что может дать организму нежелательные приобретенные характеристики?
A) погружение ноги в магму
B) стремление покинуть гнездо
C) обнаружение потенциального партнера
D) легкая царапина на его ноге
Выведите ответ: A, B, C или D. Ответ:",A, D
На угольной электростанции электричество,"На угольной электростанции электричество
A) потребляется
B) получается
C) укрепляется
D) разрушается
Какой ответ является правильным? Запишите только букву верного варианта: A, B, C или D.
Ответ: ",B,"
A) потребляется"
На угольной электростанции электричество,"На угольной электростанции электричество
A. потребляется
B. получается
C. укрепляется
D. разрушается
Какой ответ является правильным? Запишите только букву верного варианта: A, B, C или D.
Ответ: ",B,1. A потребляется
На угольной электростанции электричество,"На угольной электростанции электричество
A) потребляется
B) получается
C) укрепляется
D) разрушается
Какой ответ является правильным? В качестве ответа запишите только букву верного варианта: A, B, C или D без дополнительных объяснений.
Ответ: ",B,"
A) потребляется"
На угольной электростанции электричество,"На угольной электростанции электричество
A. потребляется
B. получается
C. укрепляется
D. разрушается
Какой ответ является правильным? В качестве ответа запишите только букву верного варианта: A, B, C или D без дополнительных объяснений.
Ответ: ",B,"
A. потребляется"
На угольной электростанции электричество,"Опираясь на логику и общеизвестные факты, ответьте на вопрос: На угольной электростанции электричество
A) потребляется
B) получается
C) укрепляется
D) разрушается
В качестве ответа запишите только букву верного варианта: A, B, C или D без дополнительных объяснений.
Ответ: ",B,"
A) потребляется"
На угольной электростанции электричество,"Опираясь на логику и общеизвестные факты, ответьте на вопрос: На угольной электростанции электричество
A) потребляется
B) получается
C) укрепляется
D) разрушается
Выведите ответ: A, B, C или D. Ответ:",B," A, B, C"
На угольной электростанции электричество,"На угольной электростанции электричество
A. потребляется
B. получается
C. укрепляется
D. разрушается
 Отвечая на вопрос запишите только букву верного варианта: A, B, C или D.
Ответ: ",B,"1. A. потребляется

10. На угольной электростанции электричество
A. получается
B. получается
C. получается
D. получается
Отвечая на вопрос запишите только букву верного варианта: A, B, C или D.
Ответ: 1. A. получается

"
На угольной электростанции электричество,"Опираясь на логику и общеизвестные факты, ответьте на вопрос: На угольной электростанции электричество
A) потребляется
B) получается
C) укрепляется
D) разрушается
Выведите ответ: A, B, C или D. Ответ:",B," A, B, C"
На угольной электростанции электричество,"На угольной электростанции электричество
A. потребляется
B. получается
C. укрепляется
D. разрушается
Какой ответ является правильным? В качестве ответа запишите только букву верного варианта: A, B, C или D без дополнительных объяснений.
Ответ: ",B,"
A. потребляется"
На угольной электростанции электричество,"Опираясь на логику и общеизвестные факты, ответьте на вопрос: На угольной электростанции электричество
A) потребляется
B) получается
C) укрепляется
D) разрушается
Выведите ответ: A, B, C или D. Ответ:",B," A, B, C"
"Специальные ткани растений переносят по всему растению питательные вещества, такие как","Специальные ткани растений переносят по всему растению питательные вещества, такие как
A) вода
B) сахар
C) специи
D) крахмал
Какой ответ является правильным? Запишите только букву верного варианта: A, B, C или D.
Ответ: ",B,"
A) вода
B) сахар
C) специи
D) крахмал"
"Специальные ткани растений переносят по всему растению питательные вещества, такие как","Специальные ткани растений переносят по всему растению питательные вещества, такие как
A. вода
B. сахар
C. специи
D. крахмал
Какой ответ является правильным? Запишите только букву верного варианта: A, B, C или D.
Ответ: ",B,"1. A, 2. B, 3. C, 4. D"
"Специальные ткани растений переносят по всему растению питательные вещества, такие как","Специальные ткани растений переносят по всему растению питательные вещества, такие как
A) вода
B) сахар
C) специи
D) крахмал
Какой ответ является правильным? В качестве ответа запишите только букву верного варианта: A, B, C или D без дополнительных объяснений.
Ответ: ",B,"
A) вода
B) сахар
C) специи
D) крахмал"
"Специальные ткани растений переносят по всему растению питательные вещества, такие как","Специальные ткани растений переносят по всему растению питательные вещества, такие как
A. вода
B. сахар
C. специи
D. крахмал
Какой ответ является правильным? В качестве ответа запишите только букву верного варианта: A, B, C или D без дополнительных объяснений.
Ответ: ",B,"
A. вода
B. сахар
C. специи
D. крахмал"
"Специальные ткани растений переносят по всему растению питательные вещества, такие как","Опираясь на логику и общеизвестные факты, ответьте на вопрос: Специальные ткани растений переносят по всему растению питательные вещества, такие как
A) вода
B) сахар
C) специи
D) крахмал
В качестве ответа запишите только букву верного варианта: A, B, C или D без дополнительных объяснений.
Ответ: ",B,"
A, B, C, D"
"Специальные ткани растений переносят по всему растению питательные вещества, такие как","Опираясь на логику и общеизвестные факты, ответьте на вопрос: Специальные ткани растений переносят по всему растению питательные вещества, такие как
A) вода
B) сахар
C) специи
D) крахмал
Выведите ответ: A, B, C или D. Ответ:",B," A, B, C"
"Специальные ткани растений переносят по всему растению питательные вещества, такие как","Специальные ткани растений переносят по всему растению питательные вещества, такие как
A. вода
B. сахар
C. специи
D. крахмал
 Отвечая на вопрос запишите только букву верного варианта: A, B, C или D.
Ответ: ",B,"
A. вода
B. сахар
C. специи
D. крахмал"
"Специальные ткани растений переносят по всему растению питательные вещества, такие как","Опираясь на логику и общеизвестные факты, ответьте на вопрос: Специальные ткани растений переносят по всему растению питательные вещества, такие как
A) вода
B) сахар
C) специи
D) крахмал
Выведите ответ: A, B, C или D. Ответ:",B," A, B, C"
"Специальные ткани растений переносят по всему растению питательные вещества, такие как","Специальные ткани растений переносят по всему растению питательные вещества, такие как
A. вода
B. сахар
C. специи
D. крахмал
Какой ответ является правильным? В качестве ответа запишите только букву верного варианта: A, B, C или D без дополнительных объяснений.
Ответ: ",B,"
A. вода
B. сахар
C. специи
D. крахмал"
"Специальные ткани растений переносят по всему растению питательные вещества, такие как","Опираясь на логику и общеизвестные факты, ответьте на вопрос: Специальные ткани растений переносят по всему растению питательные вещества, такие как
A) вода
B) сахар
C) специи
D) крахмал
Выведите ответ: A, B, C или D. Ответ:",B," A, B, C"
"Цветы начинают умирать, когда","Цветы начинают умирать, когда
A) их ставят на свет
B) их поют
C) им дают воду
D) их вытаскивают из земли
Какой ответ является правильным? Запишите только букву верного варианта: A, B, C или D.
Ответ: ",D,"
A) их ставят на свет"
"Цветы начинают умирать, когда","Цветы начинают умирать, когда
A. их ставят на свет
B. их поют
C. им дают воду
D. их вытаскивают из земли
Какой ответ является правильным? Запишите только букву верного варианта: A, B, C или D.
Ответ: ",D,"
A. их ставят на свет"
"Цветы начинают умирать, когда","Цветы начинают умирать, когда
A) их ставят на свет
B) их поют
C) им дают воду
D) их вытаскивают из земли
Какой ответ является правильным? В качестве ответа запишите только букву верного варианта: A, B, C или D без дополнительных объяснений.
Ответ: ",D,"
A) их ставят на свет"
"Цветы начинают умирать, когда","Цветы начинают умирать, когда
A. их ставят на свет
B. их поют
C. им дают воду
D. их вытаскивают из земли
Какой ответ является правильным? В качестве ответа запишите только букву верного варианта: A, B, C или D без дополнительных объяснений.
Ответ: ",D,"
A. их ставят на свет"
"Цветы начинают умирать, когда","Опираясь на логику и общеизвестные факты, ответьте на вопрос: Цветы начинают умирать, когда
A) их ставят на свет
B) их поют
C) им дают воду
D) их вытаскивают из земли
В качестве ответа запишите только букву верного варианта: A, B, C или D без дополнительных объяснений.
Ответ: ",D,"
A) their put on the light
B) their sing
C) they give water
D) their pull out of the earth"
"Цветы начинают умирать, когда","Опираясь на логику и общеизвестные факты, ответьте на вопрос: Цветы начинают умирать, когда
A) их ставят на свет
B) их поют
C) им дают воду
D) их вытаскивают из земли
Выведите ответ: A, B, C или D. Ответ:",D, D
"Цветы начинают умирать, когда","Цветы начинают умирать, когда
A. их ставят на свет
B. их поют
C. им дают воду
D. их вытаскивают из земли
 Отвечая на вопрос запишите только букву верного варианта: A, B, C или D.
Ответ: ",D,"
A. их ставят на свет
B. их поют
C. им дают воду
D. их вытаскивают из земли"
"Цветы начинают умирать, когда","Опираясь на логику и общеизвестные факты, ответьте на вопрос: Цветы начинают умирать, когда
A) их ставят на свет
B) их поют
C) им дают воду
D) их вытаскивают из земли
Выведите ответ: A, B, C или D. Ответ:",D, D
"Цветы начинают умирать, когда","Цветы начинают умирать, когда
A. их ставят на свет
B. их поют
C. им дают воду
D. их вытаскивают из земли
Какой ответ является правильным? В качестве ответа запишите только букву верного варианта: A, B, C или D без дополнительных объяснений.
Ответ: ",D,"
A. их ставят на свет"
"Цветы начинают умирать, когда","Опираясь на логику и общеизвестные факты, ответьте на вопрос: Цветы начинают умирать, когда
A) их ставят на свет
B) их поют
C) им дают воду
D) их вытаскивают из земли
Выведите ответ: A, B, C или D. Ответ:",D, D
"Причина, по которой мухи всегда могут найти пищу, заключается в том, что они могут чувствовать запах","Причина, по которой мухи всегда могут найти пищу, заключается в том, что они могут чувствовать запах
A) неприятный для людей
B) разложения организмов
C) умирающих животных
D) гниющих деревьев
Какой ответ является правильным? Запишите только букву верного варианта: A, B, C или D.
Ответ: ",B,"
A) неприятный для людей"
"Причина, по которой мухи всегда могут найти пищу, заключается в том, что они могут чувствовать запах","Причина, по которой мухи всегда могут найти пищу, заключается в том, что они могут чувствовать запах
A. неприятный для людей
B. разложения организмов
C. умирающих животных
D. гниющих деревьев
Какой ответ является правильным? Запишите только букву верного варианта: A, B, C или D.
Ответ: ",B,"
A. неприятный для людей"
"Причина, по которой мухи всегда могут найти пищу, заключается в том, что они могут чувствовать запах","Причина, по которой мухи всегда могут найти пищу, заключается в том, что они могут чувствовать запах
A) неприятный для людей
B) разложения организмов
C) умирающих животных
D) гниющих деревьев
Какой ответ является правильным? В качестве ответа запишите только букву верного варианта: A, B, C или D без дополнительных объяснений.
Ответ: ",B,"
A) неприятный для людей"
"Причина, по которой мухи всегда могут найти пищу, заключается в том, что они могут чувствовать запах","Причина, по которой мухи всегда могут найти пищу, заключается в том, что они могут чувствовать запах
A. неприятный для людей
B. разложения организмов
C. умирающих животных
D. гниющих деревьев
Какой ответ является правильным? В качестве ответа запишите только букву верного варианта: A, B, C или D без дополнительных объяснений.
Ответ: ",B,"
A. неприятный для людей"
"Причина, по которой мухи всегда могут найти пищу, заключается в том, что они могут чувствовать запах","Опираясь на логику и общеизвестные факты, ответьте на вопрос: Причина, по которой мухи всегда могут найти пищу, заключается в том, что они могут чувствовать запах
A) неприятный для людей
B) разложения организмов
C) умирающих животных
D) гниющих деревьев
В качестве ответа запишите только букву верного варианта: A, B, C или D без дополнительных объяснений.
Ответ: ",B,"
A) неприятный для людей
B) разложения организмов
C) умирающих животных
D) гниющих деревьев"
"Причина, по которой мухи всегда могут найти пищу, заключается в том, что они могут чувствовать запах","Опираясь на логику и общеизвестные факты, ответьте на вопрос: Причина, по которой мухи всегда могут найти пищу, заключается в том, что они могут чувствовать запах
A) неприятный для людей
B) разложения организмов
C) умирающих животных
D) гниющих деревьев
Выведите ответ: A, B, C или D. Ответ:",B," B, C"
"Причина, по которой мухи всегда могут найти пищу, заключается в том, что они могут чувствовать запах","Причина, по которой мухи всегда могут найти пищу, заключается в том, что они могут чувствовать запах
A. неприятный для людей
B. разложения организмов
C. умирающих животных
D. гниющих деревьев
 Отвечая на вопрос запишите только букву верного варианта: A, B, C или D.
Ответ: ",B,"
A. неприятный для людей"
"Причина, по которой мухи всегда могут найти пищу, заключается в том, что они могут чувствовать запах","Опираясь на логику и общеизвестные факты, ответьте на вопрос: Причина, по которой мухи всегда могут найти пищу, заключается в том, что они могут чувствовать запах
A) неприятный для людей
B) разложения организмов
C) умирающих животных
D) гниющих деревьев
Выведите ответ: A, B, C или D. Ответ:",B," B, C"
"Причина, по которой мухи всегда могут найти пищу, заключается в том, что они могут чувствовать запах","Причина, по которой мухи всегда могут найти пищу, заключается в том, что они могут чувствовать запах
A. неприятный для людей
B. разложения организмов
C. умирающих животных
D. гниющих деревьев
Какой ответ является правильным? В качестве ответа запишите только букву верного варианта: A, B, C или D без дополнительных объяснений.
Ответ: ",B,"
A. неприятный для людей"
"Причина, по которой мухи всегда могут найти пищу, заключается в том, что они могут чувствовать запах","Опираясь на логику и общеизвестные факты, ответьте на вопрос: Причина, по которой мухи всегда могут найти пищу, заключается в том, что они могут чувствовать запах
A) неприятный для людей
B) разложения организмов
C) умирающих животных
D) гниющих деревьев
Выведите ответ: A, B, C или D. Ответ:",B," B, C"
Кто из них использует укрытие для защиты от непогоды?,"Кто из них использует укрытие для защиты от непогоды?
A) планета
B) океан
C) скала
D) многоножка
Какой ответ является правильным? Запишите только букву верного варианта: A, B, C или D.
Ответ: ",D,"
A) планета
B) океан
C) скала
D) многоножка










































































"
Кто из них использует укрытие для защиты от непогоды?,"Кто из них использует укрытие для защиты от непогоды?
A. планета
B. океан
C. скала
D. многоножка
Какой ответ является правильным? Запишите только букву верного варианта: A, B, C или D.
Ответ: ",D,"
A. планета"
Кто из них использует укрытие для защиты от непогоды?,"Кто из них использует укрытие для защиты от непогоды?
A) планета
B) океан
C) скала
D) многоножка
Какой ответ является правильным? В качестве ответа запишите только букву верного варианта: A, B, C или D без дополнительных объяснений.
Ответ: ",D,"
A) планета
B) океан
C) скала
D) многоножка










































































"
Кто из них использует укрытие для защиты от непогоды?,"Кто из них использует укрытие для защиты от непогоды?
A. планета
B. океан
C. скала
D. многоножка
Какой ответ является правильным? В качестве ответа запишите только букву верного варианта: A, B, C или D без дополнительных объяснений.
Ответ: ",D,"
A. планета"
Кто из них использует укрытие для защиты от непогоды?,"Опираясь на логику и общеизвестные факты, ответьте на вопрос: Кто из них использует укрытие для защиты от непогоды?
A) планета
B) океан
C) скала
D) многоножка
В качестве ответа запишите только букву верного варианта: A, B, C или D без дополнительных объяснений.
Ответ: ",D,"
A) планета
B) океан
C) скала
D) многоножка"
Кто из них использует укрытие для защиты от непогоды?,"Опираясь на логику и общеизвестные факты, ответьте на вопрос: Кто из них использует укрытие для защиты от непогоды?
A) планета
B) океан
C) скала
D) многоножка
Выведите ответ: A, B, C или D. Ответ:",D," A, B, C"
Кто из них использует укрытие для защиты от непогоды?,"Кто из них использует укрытие для защиты от непогоды?
A. планета
B. океан
C. скала
D. многоножка
 Отвечая на вопрос запишите только букву верного варианта: A, B, C или D.
Ответ: ",D,"
A. планета"
Кто из них использует укрытие для защиты от непогоды?,"Опираясь на логику и общеизвестные факты, ответьте на вопрос: Кто из них использует укрытие для защиты от непогоды?
A) планета
B) океан
C) скала
D) многоножка
Выведите ответ: A, B, C или D. Ответ:",D," A, B, C"
Кто из них использует укрытие для защиты от непогоды?,"Кто из них использует укрытие для защиты от непогоды?
A. планета
B. океан
C. скала
D. многоножка
Какой ответ является правильным? В качестве ответа запишите только букву верного варианта: A, B, C или D без дополнительных объяснений.
Ответ: ",D,"
A. планета"
Кто из них использует укрытие для защиты от непогоды?,"Опираясь на логику и общеизвестные факты, ответьте на вопрос: Кто из них использует укрытие для защиты от непогоды?
A) планета
B) океан
C) скала
D) многоножка
Выведите ответ: A, B, C или D. Ответ:",D," A, B, C"
"Каньоны, как правило, древние, огромные и захватывающие, они","Каньоны, как правило, древние, огромные и захватывающие, они
A) обычно состоят из камня
B) наполнены местной дикой природой
C) полны грязи и мути
D) до краев заполнены песком
Какой ответ является правильным? Запишите только букву верного варианта: A, B, C или D.
Ответ: ",A,"
A) обычно состоят из камня
B) наполнены местной дикой природой
C) полны грязи и мути
D) до краев заполнены песком"
"Каньоны, как правило, древние, огромные и захватывающие, они","Каньоны, как правило, древние, огромные и захватывающие, они
A. обычно состоят из камня
B. наполнены местной дикой природой
C. полны грязи и мути
D. до краев заполнены песком
Какой ответ является правильным? Запишите только букву верного варианта: A, B, C или D.
Ответ: ",A,"
A. обычно состоят из камня
B. наполнены местной дикой природой
C. полны грязи и мути
D. до краев заполнены песком"
"Каньоны, как правило, древние, огромные и захватывающие, они","Каньоны, как правило, древние, огромные и захватывающие, они
A) обычно состоят из камня
B) наполнены местной дикой природой
C) полны грязи и мути
D) до краев заполнены песком
Какой ответ является правильным? В качестве ответа запишите только букву верного варианта: A, B, C или D без дополнительных объяснений.
Ответ: ",A,"
A) обычно состоят из камня
B) наполнены местной дикой природой
C) полны грязи и мути
D) до краев заполнены песком"
"Каньоны, как правило, древние, огромные и захватывающие, они","Каньоны, как правило, древние, огромные и захватывающие, они
A. обычно состоят из камня
B. наполнены местной дикой природой
C. полны грязи и мути
D. до краев заполнены песком
Какой ответ является правильным? В качестве ответа запишите только букву верного варианта: A, B, C или D без дополнительных объяснений.
Ответ: ",A,"
A. обычно состоят из камня"
"Каньоны, как правило, древние, огромные и захватывающие, они","Опираясь на логику и общеизвестные факты, ответьте на вопрос: Каньоны, как правило, древние, огромные и захватывающие, они
A) обычно состоят из камня
B) наполнены местной дикой природой
C) полны грязи и мути
D) до краев заполнены песком
В качестве ответа запишите только букву верного варианта: A, B, C или D без дополнительных объяснений.
Ответ: ",A,"
A) обычно состоят из камня
B) наполнены местной дикой природой
C) полны грязи и мути"
"Каньоны, как правило, древние, огромные и захватывающие, они","Опираясь на логику и общеизвестные факты, ответьте на вопрос: Каньоны, как правило, древние, огромные и захватывающие, они
A) обычно состоят из камня
B) наполнены местной дикой природой
C) полны грязи и мути
D) до краев заполнены песком
Выведите ответ: A, B, C или D. Ответ:",A," A, B, C"
"Каньоны, как правило, древние, огромные и захватывающие, они","Каньоны, как правило, древние, огромные и захватывающие, они
A. обычно состоят из камня
B. наполнены местной дикой природой
C. полны грязи и мути
D. до краев заполнены песком
 Отвечая на вопрос запишите только букву верного варианта: A, B, C или D.
Ответ: ",A,"
A. обычно состоят из камня
B. наполнены местной дикой природой
C. полны грязи и мути
D. до краев заполнены песком"
"Каньоны, как правило, древние, огромные и захватывающие, они","Опираясь на логику и общеизвестные факты, ответьте на вопрос: Каньоны, как правило, древние, огромные и захватывающие, они
A) обычно состоят из камня
B) наполнены местной дикой природой
C) полны грязи и мути
D) до краев заполнены песком
Выведите ответ: A, B, C или D. Ответ:",A," A, B, C"
"Каньоны, как правило, древние, огромные и захватывающие, они","Каньоны, как правило, древние, огромные и захватывающие, они
A. обычно состоят из камня
B. наполнены местной дикой природой
C. полны грязи и мути
D. до краев заполнены песком
Какой ответ является правильным? В качестве ответа запишите только букву верного варианта: A, B, C или D без дополнительных объяснений.
Ответ: ",A,"
A. обычно состоят из камня"
"Каньоны, как правило, древние, огромные и захватывающие, они","Опираясь на логику и общеизвестные факты, ответьте на вопрос: Каньоны, как правило, древние, огромные и захватывающие, они
A) обычно состоят из камня
B) наполнены местной дикой природой
C) полны грязи и мути
D) до краев заполнены песком
Выведите ответ: A, B, C или D. Ответ:",A," A, B, C"
Луна отражает солнечный свет и влияет на,"Луна отражает солнечный свет и влияет на
A) Солнце
B) орбитальные спутники
C) океаны
D) космические станции
Какой ответ является правильным? Запишите только букву верного варианта: A, B, C или D.
Ответ: ",C,"
A) Солнце"
Луна отражает солнечный свет и влияет на,"Луна отражает солнечный свет и влияет на
A. Солнце
B. орбитальные спутники
C. океаны
D. космические станции
Какой ответ является правильным? Запишите только букву верного варианта: A, B, C или D.
Ответ: ",C,"
A. Солнце"
Луна отражает солнечный свет и влияет на,"Луна отражает солнечный свет и влияет на
A) Солнце
B) орбитальные спутники
C) океаны
D) космические станции
Какой ответ является правильным? В качестве ответа запишите только букву верного варианта: A, B, C или D без дополнительных объяснений.
Ответ: ",C,"
A) Солнце"
Луна отражает солнечный свет и влияет на,"Луна отражает солнечный свет и влияет на
A. Солнце
B. орбитальные спутники
C. океаны
D. космические станции
Какой ответ является правильным? В качестве ответа запишите только букву верного варианта: A, B, C или D без дополнительных объяснений.
Ответ: ",C,"
A, B, C или D"
Луна отражает солнечный свет и влияет на,"Опираясь на логику и общеизвестные факты, ответьте на вопрос: Луна отражает солнечный свет и влияет на
A) Солнце
B) орбитальные спутники
C) океаны
D) космические станции
В качестве ответа запишите только букву верного варианта: A, B, C или D без дополнительных объяснений.
Ответ: ",C,"
A) Солнце"
Луна отражает солнечный свет и влияет на,"Опираясь на логику и общеизвестные факты, ответьте на вопрос: Луна отражает солнечный свет и влияет на
A) Солнце
B) орбитальные спутники
C) океаны
D) космические станции
Выведите ответ: A, B, C или D. Ответ:",C," A, B, C"
Луна отражает солнечный свет и влияет на,"Луна отражает солнечный свет и влияет на
A. Солнце
B. орбитальные спутники
C. океаны
D. космические станции
 Отвечая на вопрос запишите только букву верного варианта: A, B, C или D.
Ответ: ",C,"
A, B, C, D"
Луна отражает солнечный свет и влияет на,"Опираясь на логику и общеизвестные факты, ответьте на вопрос: Луна отражает солнечный свет и влияет на
A) Солнце
B) орбитальные спутники
C) океаны
D) космические станции
Выведите ответ: A, B, C или D. Ответ:",C," A, B, C"
Луна отражает солнечный свет и влияет на,"Луна отражает солнечный свет и влияет на
A. Солнце
B. орбитальные спутники
C. океаны
D. космические станции
Какой ответ является правильным? В качестве ответа запишите только букву верного варианта: A, B, C или D без дополнительных объяснений.
Ответ: ",C,"
A, B, C или D"
Луна отражает солнечный свет и влияет на,"Опираясь на логику и общеизвестные факты, ответьте на вопрос: Луна отражает солнечный свет и влияет на
A) Солнце
B) орбитальные спутники
C) океаны
D) космические станции
Выведите ответ: A, B, C или D. Ответ:",C," A, B, C"
