question,prompt,answer,generated_text,dataset,calculated_f1_score,calculated_exact_match,probability,Stability_coefficient
Продолжение этого фильма Евгения Матвеева называется,"Вы участвуете в викторине ""Что? Где? Когда?"". Внимательно прочитайте вопрос из категории ""Любовь"" и ответьте на него. Обратите внимание на формат ответа: если он не указан в вопросе, то запишите только слово или фразу, отвечающую на вопрос, никаких дополнительных рассуждений приводить не нужно.
Вопрос: Продолжение этого фильма Евгения Матвеева называется
Ответ: ",Любовь земная,"2010 год
Вы участвуете в викторине ""Что? Где? Когда?"". Внимательно прочитайте вопрос из категории ""Любовь"" и ответьте на него. Обратите внимание на формат ответа: если он не указан в вопросе, то запишите только слово или фразу, отвечающую на",new_mistral__chegeka_generated_results.csv,0.0,0,3.5330379915410064e-30,0.6416628943549262
Продолжение этого фильма Евгения Матвеева называется,"Прочитайте вопрос из категории ""Любовь"" и ответьте на него: Продолжение этого фильма Евгения Матвеева называется
Ответ: ",Любовь земная,1.000,new_mistral__chegeka_generated_results.csv,0.0,0,5.221465407337079e-32,0.6416628943549262
Продолжение этого фильма Евгения Матвеева называется,"Вы участвуете в викторине ""Что? Где? Когда?"". Внимательно прочитайте вопрос из категории ""Любовь"" и ответьте на него. Обратите внимание на формат ответа: если он не указан в вопросе, то запишите только слово или фразу, отвечающую на вопрос, никаких дополнительных рассуждений приводить не нужно.
Вопрос: Продолжение этого фильма Евгения Матвеева называется
Ответ: ",Любовь земная,"2010 год
Вы участвуете в викторине ""Что? Где? Когда?"". Внимательно прочитайте вопрос из категории ""Любовь"" и ответьте на него. Обратите внимание на формат ответа: если он не указан в вопросе, то запишите только слово или фразу, отвечающую на",new_mistral__chegeka_generated_results.csv,0.0,0,3.5330379915410064e-30,0.6416628943549262
Продолжение этого фильма Евгения Матвеева называется,"Вы участвуете в викторине ""Что? Где? Когда?"". Прочитайте внимательно вопрос из категории ""Любовь"" и дайте точный ответ. Вопрос: Продолжение этого фильма Евгения Матвеева называется
Ответ: ",Любовь земная,2019 год,new_mistral__chegeka_generated_results.csv,0.0,0,8.076181179560263e-31,0.6416628943549262
Продолжение этого фильма Евгения Матвеева называется,"Угадайте, в какой категории из ""Что? Где? Когда?"" относится следующий вопрос: ""Продолжение этого фильма Евгения Матвеева называется"". Ваш ответ: Любовь
Ответ: ",Любовь земная,1. Любовь,new_mistral__chegeka_generated_results.csv,0.5,0,1.7169050911286167e-30,0.6416628943549262
Продолжение этого фильма Евгения Матвеева называется,"Подумайте и дайте точный ответ на вопрос из категории ""Любовь"": Продолжение этого фильма Евгения Матвеева называется
Ответ: ",Любовь земная,"100%
Продолжение этого фильма Евгения Матвеева называется ""Дорога на юг"".
Продолжение этого фильма Евгения Матвеева называется ""Дорога на юг"".
Продолжение этого фильма Евгения Матвеева называется ""Дорога на юг"".
Продолжение этого фильма Евгения Матвеева называется """,new_mistral__chegeka_generated_results.csv,0.0,0,5.772728194821744e-32,0.6416628943549262
Продолжение этого фильма Евгения Матвеева называется,"Ваш вопрос из категории ""Любовь"": Продолжение этого фильма Евгения Матвеева называется. Внимание, у вас ограниченное время!
Ответ: ",Любовь земная,"1. The film is called ""Evgeny Matveyev's Love"". 2. The film is called ""Evgeny Matveyev's Love"". 3. The film is called ""Evgeny Matveyev's Love"". 4. The film is called ""Evgeny Matveyev's Love"". 5. The film is called ""Evgeny Matveyev's Love"". ",new_mistral__chegeka_generated_results.csv,0.0,0,2.2482266378494538e-32,0.6416628943549262
Продолжение этого фильма Евгения Матвеева называется,"Подумайте быстро! Что бы вы ответили на вопрос из категории ""Любовь"": Продолжение этого фильма Евгения Матвеева называется?
Ответ: ",Любовь земная,1. The End 2. The End 3. The End 4. The End 5. The End 6. The End 7. The End 8. The End 9. The End 10. The End 11. The End 12. The End 13. The End 14. The End 15. The End 16. The End 17. The End 18. The End 1,new_mistral__chegeka_generated_results.csv,0.0,0,2.0773290932079514e-31,0.6416628943549262
Продолжение этого фильма Евгения Матвеева называется,"На вас лежит ответственная задача отгадать вопрос из раздела ""Любовь"": Продолжение этого фильма Евгения Матвеева называется.
Ответ: ",Любовь земная,"1. The answer is ""The answer is 'The answer is 'The answer is 'The answer is 'The answer is 'The answer is 'The answer is 'The answer is 'The answer is 'The answer is 'The answer is 'The answer is 'The answer is 'The answer is 'The answer is 'The answer is 'The answer is 'The answer is 'The answer is 'The answer is 'The answer is 'The answer is 'The answer is 'The answer",new_mistral__chegeka_generated_results.csv,0.0,0,1.3512704475224633e-29,0.6416628943549262
Продолжение этого фильма Евгения Матвеева называется,"Спрятанный вопрос из раздела ""Любовь"" ждет вашего ответа: Продолжение этого фильма Евгения Матвеева называется
Ответ: ",Любовь земная,"100%
Выберите ответ:
1. Если бы я был в любви, то я бы не смог понять, как это сделать.
2. Если бы я был в любви, то я бы не смог понять, как это сделать.
3. Если бы я был в любви, то я бы не смог понять, как это сдела",new_mistral__chegeka_generated_results.csv,0.0,0,5.378863342930124e-30,0.6416628943549262
"С ЭТИМ ЧЕЛОВЕКОМ, 33-м потомком Нина, Державин сравнивает богатого и ленивого вельможу.","Вы участвуете в викторине ""Что? Где? Когда?"". Внимательно прочитайте вопрос из категории ""Гласные - только ""А"""" и ответьте на него. Обратите внимание на формат ответа: если он не указан в вопросе, то запишите только слово или фразу, отвечающую на вопрос, никаких дополнительных рассуждений приводить не нужно.
Вопрос: С ЭТИМ ЧЕЛОВЕКОМ, 33-м потомком Нина, Державин сравнивает богатого и ленивого вельможу.
Ответ: ",Сарданапал,33-й потомком Нины Державина является Нина.,new_mistral__chegeka_generated_results.csv,0.0,0,6.036111760554954e-34,0.9770868089463975
"С ЭТИМ ЧЕЛОВЕКОМ, 33-м потомком Нина, Державин сравнивает богатого и ленивого вельможу.","Прочитайте вопрос из категории ""Гласные - только ""А"""" и ответьте на него: С ЭТИМ ЧЕЛОВЕКОМ, 33-м потомком Нина, Державин сравнивает богатого и ленивого вельможу.
Ответ: ",Сарданапал,"33-м потомком Нина, Державин сравнивает богатого и ленивого вельможу.",new_mistral__chegeka_generated_results.csv,0.0,0,4.099653307601072e-31,0.9770868089463975
"С ЭТИМ ЧЕЛОВЕКОМ, 33-м потомком Нина, Державин сравнивает богатого и ленивого вельможу.","Вы участвуете в викторине ""Что? Где? Когда?"". Внимательно прочитайте вопрос из категории ""Гласные - только ""А"""" и ответьте на него. Обратите внимание на формат ответа: если он не указан в вопросе, то запишите только слово или фразу, отвечающую на вопрос, никаких дополнительных рассуждений приводить не нужно.
Вопрос: С ЭТИМ ЧЕЛОВЕКОМ, 33-м потомком Нина, Державин сравнивает богатого и ленивого вельможу.
Ответ: ",Сарданапал,33-й потомком Нины Державина является Нина.,new_mistral__chegeka_generated_results.csv,0.0,0,6.036111760554954e-34,0.9770868089463975
"С ЭТИМ ЧЕЛОВЕКОМ, 33-м потомком Нина, Державин сравнивает богатого и ленивого вельможу.","Вы участвуете в викторине ""Что? Где? Когда?"". Прочитайте внимательно вопрос из категории ""Гласные - только ""А"""" и дайте точный ответ. Вопрос: С ЭТИМ ЧЕЛОВЕКОМ, 33-м потомком Нина, Державин сравнивает богатого и ленивого вельможу.
Ответ: ",Сарданапал,"33-й потомком Нина, Державин сравнивает богатого и ленивого вельможу.",new_mistral__chegeka_generated_results.csv,0.0,0,4.107145674335471e-31,0.9770868089463975
"С ЭТИМ ЧЕЛОВЕКОМ, 33-м потомком Нина, Державин сравнивает богатого и ленивого вельможу.","Угадайте, в какой категории из ""Что? Где? Когда?"" относится следующий вопрос: ""С ЭТИМ ЧЕЛОВЕКОМ, 33-м потомком Нина, Державин сравнивает богатого и ленивого вельможу."". Ваш ответ: Гласные - только ""А""
Ответ: ",Сарданапал,"33-й потомк Нина, Державин сравнивает богатого и ленивого вельможа.",new_mistral__chegeka_generated_results.csv,0.0,0,5.1751260244308393e-33,0.9770868089463975
"С ЭТИМ ЧЕЛОВЕКОМ, 33-м потомком Нина, Державин сравнивает богатого и ленивого вельможу.","Подумайте и дайте точный ответ на вопрос из категории ""Гласные - только ""А"""": С ЭТИМ ЧЕЛОВЕКОМ, 33-м потомком Нина, Державин сравнивает богатого и ленивого вельможу.
Ответ: ",Сарданапал,"33-м потомком Нина, Державин сравнивает богатого и ленивого вельможу.",new_mistral__chegeka_generated_results.csv,0.0,0,1.4194324470485256e-30,0.9770868089463975
"С ЭТИМ ЧЕЛОВЕКОМ, 33-м потомком Нина, Державин сравнивает богатого и ленивого вельможу.","Ваш вопрос из категории ""Гласные - только ""А"""": С ЭТИМ ЧЕЛОВЕКОМ, 33-м потомком Нина, Державин сравнивает богатого и ленивого вельможу.. Внимание, у вас ограниченное время!
Ответ: ",Сарданапал,"33-м потомком Нины, Державина сравнивает богатого и ленивого вельможа.",new_mistral__chegeka_generated_results.csv,0.0,0,6.376911404696324e-30,0.9770868089463975
"С ЭТИМ ЧЕЛОВЕКОМ, 33-м потомком Нина, Державин сравнивает богатого и ленивого вельможу.","Подумайте быстро! Что бы вы ответили на вопрос из категории ""Гласные - только ""А"""": С ЭТИМ ЧЕЛОВЕКОМ, 33-м потомком Нина, Державин сравнивает богатого и ленивого вельможу.?
Ответ: ",Сарданапал,"33-м потомком Нина, Державин сравнивает богатого и ленивого вельможу.",new_mistral__chegeka_generated_results.csv,0.0,0,3.4405132193523244e-30,0.9770868089463975
"С ЭТИМ ЧЕЛОВЕКОМ, 33-м потомком Нина, Державин сравнивает богатого и ленивого вельможу.","На вас лежит ответственная задача отгадать вопрос из раздела ""Гласные - только ""А"""": С ЭТИМ ЧЕЛОВЕКОМ, 33-м потомком Нина, Державин сравнивает богатого и ленивого вельможу..
Ответ: ",Сарданапал,"33-м потомком Нина, Державин сравнивает богатого и ленивого вельможу.",new_mistral__chegeka_generated_results.csv,0.0,0,1.0817724743675042e-32,0.9770868089463975
"С ЭТИМ ЧЕЛОВЕКОМ, 33-м потомком Нина, Державин сравнивает богатого и ленивого вельможу.","Спрятанный вопрос из раздела ""Гласные - только ""А"""" ждет вашего ответа: С ЭТИМ ЧЕЛОВЕКОМ, 33-м потомком Нина, Державин сравнивает богатого и ленивого вельможу.
Ответ: ",Сарданапал,"33-м потомком Нина, Державин сравнивает богатого и ленивого вельможу.",new_mistral__chegeka_generated_results.csv,0.0,0,1.9474362002172508e-27,0.9770868089463975
"По мнению древнего мудреца Рюхейб-бин-Верда: ""Мудрость состоит из 10 частей. Одна часть — знания и опыт."" А что составляет остальные девять?","Вы участвуете в викторине ""Что? Где? Когда?"". Внимательно прочитайте вопрос из категории ""Восток - дело тонкое"" и ответьте на него. Обратите внимание на формат ответа: если он не указан в вопросе, то запишите только слово или фразу, отвечающую на вопрос, никаких дополнительных рассуждений приводить не нужно.
Вопрос: По мнению древнего мудреца Рюхейб-бин-Верда: ""Мудрость состоит из 10 частей. Одна часть — знания и опыт."" А что составляет остальные девять?
Ответ: ",Молчание,"1. Смысловой материал. Этот материал состоит из знаний и опыта, которые мы получаем в процессе изучения и практики.
2. Смысловой материал. Этот материал состоит из знаний и опыта, которые мы получаем в процессе изучения и практики.
3. Смысловой материал. Этот материал состоит из",new_mistral__chegeka_generated_results.csv,0.0,0,2.0696804195529398e-25,0.8774964650472006
"По мнению древнего мудреца Рюхейб-бин-Верда: ""Мудрость состоит из 10 частей. Одна часть — знания и опыт."" А что составляет остальные девять?","Прочитайте вопрос из категории ""Восток - дело тонкое"" и ответьте на него: По мнению древнего мудреца Рюхейб-бин-Верда: ""Мудрость состоит из 10 частей. Одна часть — знания и опыт."" А что составляет остальные девять?
Ответ: ",Молчание,1. Смысл. 2. Смысл. 3. Смысл. 4. Смысл. 5. Смысл. 6. Смысл. 7. Смысл. 8. Смысл. 9. Смысл. 10. Смысл.,new_mistral__chegeka_generated_results.csv,0.0,0,1.8121935220083645e-26,0.8774964650472006
"По мнению древнего мудреца Рюхейб-бин-Верда: ""Мудрость состоит из 10 частей. Одна часть — знания и опыт."" А что составляет остальные девять?","Вы участвуете в викторине ""Что? Где? Когда?"". Внимательно прочитайте вопрос из категории ""Восток - дело тонкое"" и ответьте на него. Обратите внимание на формат ответа: если он не указан в вопросе, то запишите только слово или фразу, отвечающую на вопрос, никаких дополнительных рассуждений приводить не нужно.
Вопрос: По мнению древнего мудреца Рюхейб-бин-Верда: ""Мудрость состоит из 10 частей. Одна часть — знания и опыт."" А что составляет остальные девять?
Ответ: ",Молчание,"1. Смысловой материал. Этот материал состоит из знаний и опыта, которые мы получаем в процессе изучения и практики.
2. Смысловой материал. Этот материал состоит из знаний и опыта, которые мы получаем в процессе изучения и практики.
3. Смысловой материал. Этот материал состоит из",new_mistral__chegeka_generated_results.csv,0.0,0,2.0696804195529398e-25,0.8774964650472006
"По мнению древнего мудреца Рюхейб-бин-Верда: ""Мудрость состоит из 10 частей. Одна часть — знания и опыт."" А что составляет остальные девять?","Вы участвуете в викторине ""Что? Где? Когда?"". Прочитайте внимательно вопрос из категории ""Восток - дело тонкое"" и дайте точный ответ. Вопрос: По мнению древнего мудреца Рюхейб-бин-Верда: ""Мудрость состоит из 10 частей. Одна часть — знания и опыт."" А что составляет остальные девять?
Ответ: ",Молчание,"1. Смысл. Это знание, которое мы можем получить, если мы изучим и познакомимся с различными источниками.
2. Смысл. Это знание, которое мы можем получить, если мы изучим и познакомимся с различными источниками.
3. Смысл. Это знание, которое мы можем получить",new_mistral__chegeka_generated_results.csv,0.0,0,3.20143795359123e-27,0.8774964650472006
"По мнению древнего мудреца Рюхейб-бин-Верда: ""Мудрость состоит из 10 частей. Одна часть — знания и опыт."" А что составляет остальные девять?","Угадайте, в какой категории из ""Что? Где? Когда?"" относится следующий вопрос: ""По мнению древнего мудреца Рюхейб-бин-Верда: ""Мудрость состоит из 10 частей. Одна часть — знания и опыт."" А что составляет остальные девять?"". Ваш ответ: Восток - дело тонкое
Ответ: ",Молчание,10,new_mistral__chegeka_generated_results.csv,0.0,0,1.009776159395581e-23,0.8774964650472006
"По мнению древнего мудреца Рюхейб-бин-Верда: ""Мудрость состоит из 10 частей. Одна часть — знания и опыт."" А что составляет остальные девять?","Подумайте и дайте точный ответ на вопрос из категории ""Восток - дело тонкое"": По мнению древнего мудреца Рюхейб-бин-Верда: ""Мудрость состоит из 10 частей. Одна часть — знания и опыт."" А что составляет остальные девять?
Ответ: ",Молчание,"1. Смысловое значение.
2. Смысловое значение.
3. Смысловое значение.
4. Смысловое значение.
5. Смысловое значение.
6. Смысловое значение.
7. Смысловое значение.
8. Смысловое значение.
9. Смы",new_mistral__chegeka_generated_results.csv,0.0,0,3.437414181576193e-27,0.8774964650472006
"По мнению древнего мудреца Рюхейб-бин-Верда: ""Мудрость состоит из 10 частей. Одна часть — знания и опыт."" А что составляет остальные девять?","Ваш вопрос из категории ""Восток - дело тонкое"": По мнению древнего мудреца Рюхейб-бин-Верда: ""Мудрость состоит из 10 частей. Одна часть — знания и опыт."" А что составляет остальные девять?. Внимание, у вас ограниченное время!
Ответ: ",Молчание,"1. Смысловой материал. Этот материал состоит из знаний и опыта, которые мы получаем в процессе изучения и практики.
2. Смысловой материал. Этот материал состоит из знаний и опыта, которые мы получаем в процессе изучения и практики.
3. Смысловой материал. Этот материал состоит из",new_mistral__chegeka_generated_results.csv,0.0,0,9.93286894892402e-26,0.8774964650472006
"По мнению древнего мудреца Рюхейб-бин-Верда: ""Мудрость состоит из 10 частей. Одна часть — знания и опыт."" А что составляет остальные девять?","Подумайте быстро! Что бы вы ответили на вопрос из категории ""Восток - дело тонкое"": По мнению древнего мудреца Рюхейб-бин-Верда: ""Мудрость состоит из 10 частей. Одна часть — знания и опыт."" А что составляет остальные девять??
Ответ: ",Молчание,1. Смысл. 2. Смысл. 3. Смысл. 4. Смысл. 5. Смысл. 6. Смысл. 7. Смысл. 8. Смысл. 9. Смысл. 10. Смысл.,new_mistral__chegeka_generated_results.csv,0.0,0,4.933069186557056e-26,0.8774964650472006
"По мнению древнего мудреца Рюхейб-бин-Верда: ""Мудрость состоит из 10 частей. Одна часть — знания и опыт."" А что составляет остальные девять?","На вас лежит ответственная задача отгадать вопрос из раздела ""Восток - дело тонкое"": По мнению древнего мудреца Рюхейб-бин-Верда: ""Мудрость состоит из 10 частей. Одна часть — знания и опыт."" А что составляет остальные девять?.
Ответ: ",Молчание,1. Смысл. 2. Смысл. 3. Смысл. 4. Смысл. 5. Смысл. 6. Смысл. 7. Смысл. 8. Смысл. 9. Смысл. 10. Смысл.,new_mistral__chegeka_generated_results.csv,0.0,0,1.4703471538077743e-25,0.8774964650472006
"По мнению древнего мудреца Рюхейб-бин-Верда: ""Мудрость состоит из 10 частей. Одна часть — знания и опыт."" А что составляет остальные девять?","Спрятанный вопрос из раздела ""Восток - дело тонкое"" ждет вашего ответа: По мнению древнего мудреца Рюхейб-бин-Верда: ""Мудрость состоит из 10 частей. Одна часть — знания и опыт."" А что составляет остальные девять?
Ответ: ",Молчание,"1. Смысловое значение.
2. Смысловое значение.
3. Смысловое значение.
4. Смысловое значение.
5. Смысловое значение.
6. Смысловое значение.
7. Смысловое значение.
8. Смысловое значение.
9. Смы",new_mistral__chegeka_generated_results.csv,0.0,0,1.7460519032212357e-26,0.8774964650472006
"По одной из версий, начало названия ЭТОЙ ОРГАНИЗАЦИИ происходит от греческого слова, обозначающего круг.","Вы участвуете в викторине ""Что? Где? Когда?"". Внимательно прочитайте вопрос из категории ""Кланы"" и ответьте на него. Обратите внимание на формат ответа: если он не указан в вопросе, то запишите только слово или фразу, отвечающую на вопрос, никаких дополнительных рассуждений приводить не нужно.
Вопрос: По одной из версий, начало названия ЭТОЙ ОРГАНИЗАЦИИ происходит от греческого слова, обозначающего круг.
Ответ: ","Ку-клукс-клан (греч. ""киклос"")",1. Один из кланов. 2. Один из кланов. 3. Один из кланов. 4. Один из кланов. 5. Один из кланов. 6. Один из кланов. 7. Один из кланов. 8. Один из кланов. 9. Один из кланов. 10. Один из кланов. 11. Один из кланов.,new_mistral__chegeka_generated_results.csv,0.0,0,1.883862692648744e-109,0.7203500323825412
"По одной из версий, начало названия ЭТОЙ ОРГАНИЗАЦИИ происходит от греческого слова, обозначающего круг.","Прочитайте вопрос из категории ""Кланы"" и ответьте на него: По одной из версий, начало названия ЭТОЙ ОРГАНИЗАЦИИ происходит от греческого слова, обозначающего круг.
Ответ: ","Ку-клукс-клан (греч. ""киклос"")","1. The name of this organization is derived from the Greek word ""Organa,"" which means ""circle."" 2. The name of this organization is derived from the Greek word ""Organa,"" which means ""circle.""",new_mistral__chegeka_generated_results.csv,0.0,0,4.4068597474971925e-105,0.7203500323825412
"По одной из версий, начало названия ЭТОЙ ОРГАНИЗАЦИИ происходит от греческого слова, обозначающего круг.","Вы участвуете в викторине ""Что? Где? Когда?"". Внимательно прочитайте вопрос из категории ""Кланы"" и ответьте на него. Обратите внимание на формат ответа: если он не указан в вопросе, то запишите только слово или фразу, отвечающую на вопрос, никаких дополнительных рассуждений приводить не нужно.
Вопрос: По одной из версий, начало названия ЭТОЙ ОРГАНИЗАЦИИ происходит от греческого слова, обозначающего круг.
Ответ: ","Ку-клукс-клан (греч. ""киклос"")",1. Один из кланов. 2. Один из кланов. 3. Один из кланов. 4. Один из кланов. 5. Один из кланов. 6. Один из кланов. 7. Один из кланов. 8. Один из кланов. 9. Один из кланов. 10. Один из кланов. 11. Один из кланов.,new_mistral__chegeka_generated_results.csv,0.0,0,1.883862692648744e-109,0.7203500323825412
"По одной из версий, начало названия ЭТОЙ ОРГАНИЗАЦИИ происходит от греческого слова, обозначающего круг.","Вы участвуете в викторине ""Что? Где? Когда?"". Прочитайте внимательно вопрос из категории ""Кланы"" и дайте точный ответ. Вопрос: По одной из версий, начало названия ЭТОЙ ОРГАНИЗАЦИИ происходит от греческого слова, обозначающего круг.
Ответ: ","Ку-клукс-клан (греч. ""киклос"")","1. ""Организация""",new_mistral__chegeka_generated_results.csv,0.0,0,4.779924919484505e-105,0.7203500323825412
"По одной из версий, начало названия ЭТОЙ ОРГАНИЗАЦИИ происходит от греческого слова, обозначающего круг.","Угадайте, в какой категории из ""Что? Где? Когда?"" относится следующий вопрос: ""По одной из версий, начало названия ЭТОЙ ОРГАНИЗАЦИИ происходит от греческого слова, обозначающего круг."". Ваш ответ: Кланы
Ответ: ","Ку-клукс-клан (греч. ""киклос"")",1. Кланы,new_mistral__chegeka_generated_results.csv,0.0,0,2.0404777070968157e-105,0.7203500323825412
"По одной из версий, начало названия ЭТОЙ ОРГАНИЗАЦИИ происходит от греческого слова, обозначающего круг.","Подумайте и дайте точный ответ на вопрос из категории ""Кланы"": По одной из версий, начало названия ЭТОЙ ОРГАНИЗАЦИИ происходит от греческого слова, обозначающего круг.
Ответ: ","Ку-клукс-клан (греч. ""киклос"")","1. The name of the organization is derived from the Greek word ""Organa,"" which means ""circle."" 2. The name of the organization is derived from the Greek word ""Organa,"" which means ""circle.""",new_mistral__chegeka_generated_results.csv,0.0,0,3.254495927686669e-104,0.7203500323825412
"По одной из версий, начало названия ЭТОЙ ОРГАНИЗАЦИИ происходит от греческого слова, обозначающего круг.","Ваш вопрос из категории ""Кланы"": По одной из версий, начало названия ЭТОЙ ОРГАНИЗАЦИИ происходит от греческого слова, обозначающего круг.. Внимание, у вас ограниченное время!
Ответ: ","Ку-клукс-клан (греч. ""киклос"")","1. The name of this organization is derived from the Greek word ""Organi"" which means ""circle"". 2. The name of this organization is derived from the Greek word ""Organi"" which means ""circle"".",new_mistral__chegeka_generated_results.csv,0.0,0,7.095725962522373e-97,0.7203500323825412
"По одной из версий, начало названия ЭТОЙ ОРГАНИЗАЦИИ происходит от греческого слова, обозначающего круг.","Подумайте быстро! Что бы вы ответили на вопрос из категории ""Кланы"": По одной из версий, начало названия ЭТОЙ ОРГАНИЗАЦИИ происходит от греческого слова, обозначающего круг.?
Ответ: ","Ку-клукс-клан (греч. ""киклос"")","1. The name of this organization is derived from the Greek word ""Organa,"" which means ""circle."" 2. The name of this organization is derived from the Greek word ""Organa,"" which means ""circle.""",new_mistral__chegeka_generated_results.csv,0.0,0,5.902274672624045e-100,0.7203500323825412
"По одной из версий, начало названия ЭТОЙ ОРГАНИЗАЦИИ происходит от греческого слова, обозначающего круг.","На вас лежит ответственная задача отгадать вопрос из раздела ""Кланы"": По одной из версий, начало названия ЭТОЙ ОРГАНИЗАЦИИ происходит от греческого слова, обозначающего круг..
Ответ: ","Ку-клукс-клан (греч. ""киклос"")",ΕΤΟΣ ΕΤΟΣ ΕΤΟΣ ΕΤΟΣ ΕΤΟΣ ΕΤΟΣ ΕΤΟΣ ΕΤΟΣ ΕΤΟΣ ΕΤΟΣ ΕΤΟΣ ΕΤΟΣ ΕΤΟΣ ΕΤΟΣ ΕΤΟΣ ΕΤΟΣ ΕΤΟΣ ΕΤΟΣ ΕΤΟΣ ΕΤΟΣ ,new_mistral__chegeka_generated_results.csv,0.0,0,3.007330517574749e-99,0.7203500323825412
"По одной из версий, начало названия ЭТОЙ ОРГАНИЗАЦИИ происходит от греческого слова, обозначающего круг.","Спрятанный вопрос из раздела ""Кланы"" ждет вашего ответа: По одной из версий, начало названия ЭТОЙ ОРГАНИЗАЦИИ происходит от греческого слова, обозначающего круг.
Ответ: ","Ку-клукс-клан (греч. ""киклос"")","1. The name of the organization is derived from the Greek word ""Organa,"" which means ""circle."" 2. The name of the organization is derived from the Greek word ""Organa,"" which means ""circle.""",new_mistral__chegeka_generated_results.csv,0.0,0,2.794545089915374e-100,0.7203500323825412
На девятерной вистуют только эти 2 категории людей,"Вы участвуете в викторине ""Что? Где? Когда?"". Внимательно прочитайте вопрос из категории ""Нет хода - не вистуй!"" и ответьте на него. Обратите внимание на формат ответа: если он не указан в вопросе, то запишите только слово или фразу, отвечающую на вопрос, никаких дополнительных рассуждений приводить не нужно.
Вопрос: На девятерной вистуют только эти 2 категории людей
Ответ: ","Попы и студенты (попы от жадности, а студенты — от бедности :-))","1. Один человек
2. Один человек",new_mistral__chegeka_generated_results.csv,0.0,0,3.2780613576249435e-148,0.747885873582628
На девятерной вистуют только эти 2 категории людей,"Прочитайте вопрос из категории ""Нет хода - не вистуй!"" и ответьте на него: На девятерной вистуют только эти 2 категории людей
Ответ: ","Попы и студенты (попы от жадности, а студенты — от бедности :-))",1. На девятерной вистуют только эти 2 категории людей,new_mistral__chegeka_generated_results.csv,0.0,0,2.096267104349066e-140,0.747885873582628
На девятерной вистуют только эти 2 категории людей,"Вы участвуете в викторине ""Что? Где? Когда?"". Внимательно прочитайте вопрос из категории ""Нет хода - не вистуй!"" и ответьте на него. Обратите внимание на формат ответа: если он не указан в вопросе, то запишите только слово или фразу, отвечающую на вопрос, никаких дополнительных рассуждений приводить не нужно.
Вопрос: На девятерной вистуют только эти 2 категории людей
Ответ: ","Попы и студенты (попы от жадности, а студенты — от бедности :-))","1. Один человек
2. Один человек",new_mistral__chegeka_generated_results.csv,0.0,0,3.2780613576249435e-148,0.747885873582628
На девятерной вистуют только эти 2 категории людей,"Вы участвуете в викторине ""Что? Где? Когда?"". Прочитайте внимательно вопрос из категории ""Нет хода - не вистуй!"" и дайте точный ответ. Вопрос: На девятерной вистуют только эти 2 категории людей
Ответ: ","Попы и студенты (попы от жадности, а студенты — от бедности :-))",1. На девятерной вистуют только эти 2 категории людей: 1. 1. 2. 3. 4. 5. 6. 7. 8. 9. 10. 11. 12. 13. 14. 15. 16. 17. 18. 19. 20. 21. 22,new_mistral__chegeka_generated_results.csv,0.0,0,2.8638313218545934e-144,0.747885873582628
На девятерной вистуют только эти 2 категории людей,"Угадайте, в какой категории из ""Что? Где? Когда?"" относится следующий вопрос: ""На девятерной вистуют только эти 2 категории людей"". Ваш ответ: Нет хода - не вистуй!
Ответ: ","Попы и студенты (попы от жадности, а студенты — от бедности :-))",2 категории людей.,new_mistral__chegeka_generated_results.csv,0.0,0,1.7727593980875904e-138,0.747885873582628
На девятерной вистуют только эти 2 категории людей,"Подумайте и дайте точный ответ на вопрос из категории ""Нет хода - не вистуй!"": На девятерной вистуют только эти 2 категории людей
Ответ: ","Попы и студенты (попы от жадности, а студенты — от бедности :-))",1. 2. 3. 4. 5. 6. 7. 8. 9. 10. 11. 12. 13. 14. 15. 16. 17. 18. 19. 20. 21. 22. 23. 24. 25. 26. 27. 2,new_mistral__chegeka_generated_results.csv,0.0,0,9.008924161437499e-136,0.747885873582628
На девятерной вистуют только эти 2 категории людей,"Ваш вопрос из категории ""Нет хода - не вистуй!"": На девятерной вистуют только эти 2 категории людей. Внимание, у вас ограниченное время!
Ответ: ","Попы и студенты (попы от жадности, а студенты — от бедности :-))","1. Выберите категорию людей, в которой вы находитесь.
2. Выберите категорию людей, в которой вы находитесь.",new_mistral__chegeka_generated_results.csv,0.0,0,2.0721610013380936e-138,0.747885873582628
На девятерной вистуют только эти 2 категории людей,"Подумайте быстро! Что бы вы ответили на вопрос из категории ""Нет хода - не вистуй!"": На девятерной вистуют только эти 2 категории людей?
Ответ: ","Попы и студенты (попы от жадности, а студенты — от бедности :-))",1. 2. 3. 4. 5. 6. 7. 8. 9. 10. 11. 12. 13. 14. 15. 16. 17. 18. 19. 20. 21. 22. 23. 24. 25. 26. 27. 2,new_mistral__chegeka_generated_results.csv,0.0,0,9.109915252201971e-131,0.747885873582628
На девятерной вистуют только эти 2 категории людей,"На вас лежит ответственная задача отгадать вопрос из раздела ""Нет хода - не вистуй!"": На девятерной вистуют только эти 2 категории людей.
Ответ: ","Попы и студенты (попы от жадности, а студенты — от бедности :-))",1. Американцы. 2. Британцы.,new_mistral__chegeka_generated_results.csv,0.0,0,3.184500182495665e-129,0.747885873582628
На девятерной вистуют только эти 2 категории людей,"Спрятанный вопрос из раздела ""Нет хода - не вистуй!"" ждет вашего ответа: На девятерной вистуют только эти 2 категории людей
Ответ: ","Попы и студенты (попы от жадности, а студенты — от бедности :-))",1. 2. 3. 4. 5. 6. 7. 8. 9. 10. 11. 12. 13. 14. 15. 16. 17. 18. 19. 20. 21. 22. 23. 24. 25. 26. 27. 2,new_mistral__chegeka_generated_results.csv,0.0,0,1.6099746540106166e-135,0.747885873582628
"Эпиграф к книге ""Корпорация М.И.Ф."" Асприна звучит так: ""Главное — не злоупотреблять..."". Чем?","Вы участвуете в викторине ""Что? Где? Когда?"". Внимательно прочитайте вопрос из категории ""Миф"" и ответьте на него. Обратите внимание на формат ответа: если он не указан в вопросе, то запишите только слово или фразу, отвечающую на вопрос, никаких дополнительных рассуждений приводить не нужно.
Вопрос: Эпиграф к книге ""Корпорация М.И.Ф."" Асприна звучит так: ""Главное — не злоупотреблять..."". Чем?
Ответ: ",Эпиграфами,"1. Главное — не злоупотреблять.
2. Главное — не злоупотреблять.
3. Главное — не злоупотреблять.",new_mistral__chegeka_generated_results.csv,0.0,0,2.384570710376248e-33,0.9496977912055122
"Эпиграф к книге ""Корпорация М.И.Ф."" Асприна звучит так: ""Главное — не злоупотреблять..."". Чем?","Прочитайте вопрос из категории ""Миф"" и ответьте на него: Эпиграф к книге ""Корпорация М.И.Ф."" Асприна звучит так: ""Главное — не злоупотреблять..."". Чем?
Ответ: ",Эпиграфами,"1. В книге ""Корпорация М.И.Ф."" автор говорит, что главное не злоупотреблять.
2. В книге ""Корпорация М.И.Ф."" автор говорит, что главное не злоупотреблять.
3. В книге ""Корпорация М.И.Ф."" автор говорит, что главное не злоупотре",new_mistral__chegeka_generated_results.csv,0.0,0,9.748355853696892e-32,0.9496977912055122
"Эпиграф к книге ""Корпорация М.И.Ф."" Асприна звучит так: ""Главное — не злоупотреблять..."". Чем?","Вы участвуете в викторине ""Что? Где? Когда?"". Внимательно прочитайте вопрос из категории ""Миф"" и ответьте на него. Обратите внимание на формат ответа: если он не указан в вопросе, то запишите только слово или фразу, отвечающую на вопрос, никаких дополнительных рассуждений приводить не нужно.
Вопрос: Эпиграф к книге ""Корпорация М.И.Ф."" Асприна звучит так: ""Главное — не злоупотреблять..."". Чем?
Ответ: ",Эпиграфами,"1. Главное — не злоупотреблять.
2. Главное — не злоупотреблять.
3. Главное — не злоупотреблять.",new_mistral__chegeka_generated_results.csv,0.0,0,2.384570710376248e-33,0.9496977912055122
"Эпиграф к книге ""Корпорация М.И.Ф."" Асприна звучит так: ""Главное — не злоупотреблять..."". Чем?","Вы участвуете в викторине ""Что? Где? Когда?"". Прочитайте внимательно вопрос из категории ""Миф"" и дайте точный ответ. Вопрос: Эпиграф к книге ""Корпорация М.И.Ф."" Асприна звучит так: ""Главное — не злоупотреблять..."". Чем?
Ответ: ",Эпиграфами,"1. Главное — не злоупотреблять.
2. Главное — не злоупотреблять.
3. Главное — не злоупотреблять.",new_mistral__chegeka_generated_results.csv,0.0,0,7.41052760738783e-33,0.9496977912055122
"Эпиграф к книге ""Корпорация М.И.Ф."" Асприна звучит так: ""Главное — не злоупотреблять..."". Чем?","Угадайте, в какой категории из ""Что? Где? Когда?"" относится следующий вопрос: ""Эпиграф к книге ""Корпорация М.И.Ф."" Асприна звучит так: ""Главное — не злоупотреблять..."". Чем?"". Ваш ответ: Миф
Ответ: ",Эпиграфами,"1. Главное — не злоупотреблять.
2. Главное — не злоупотреблять.
3. Главное — не злоупотреблять.
4. Главное — не злоупотреблять.
5. Главное — не злоупотреблять.
6. Главное — не злоупотреблять.
7. Главное",new_mistral__chegeka_generated_results.csv,0.0,0,1.7014311071670188e-27,0.9496977912055122
"Эпиграф к книге ""Корпорация М.И.Ф."" Асприна звучит так: ""Главное — не злоупотреблять..."". Чем?","Подумайте и дайте точный ответ на вопрос из категории ""Миф"": Эпиграф к книге ""Корпорация М.И.Ф."" Асприна звучит так: ""Главное — не злоупотреблять..."". Чем?
Ответ: ",Эпиграфами,"1. Главное — не злоупотреблять.
2. Злоупотреблять — не злоупотреблять.
3. Главное — не злоупотреблять.
4. Злоупотреблять — не злоупотреблять.
5. Главное — не злоупотреблять.
6. Злоупотреб",new_mistral__chegeka_generated_results.csv,0.0,0,3.144772974663626e-32,0.9496977912055122
"Эпиграф к книге ""Корпорация М.И.Ф."" Асприна звучит так: ""Главное — не злоупотреблять..."". Чем?","Ваш вопрос из категории ""Миф"": Эпиграф к книге ""Корпорация М.И.Ф."" Асприна звучит так: ""Главное — не злоупотреблять..."". Чем?. Внимание, у вас ограниченное время!
Ответ: ",Эпиграфами,"1. В книге ""Корпорация М.И.Ф."" Асприна звучит так: ""Главное — не злоупотреблять..."". Чем?",new_mistral__chegeka_generated_results.csv,0.0,0,7.023001087611018e-30,0.9496977912055122
"Эпиграф к книге ""Корпорация М.И.Ф."" Асприна звучит так: ""Главное — не злоупотреблять..."". Чем?","Подумайте быстро! Что бы вы ответили на вопрос из категории ""Миф"": Эпиграф к книге ""Корпорация М.И.Ф."" Асприна звучит так: ""Главное — не злоупотреблять..."". Чем??
Ответ: ",Эпиграфами,"1. В книге ""Корпорация М.И.Ф."" автор рассказывает о том, как компания M.I.F. создала свой собственный эпиграф. 2. В книге ""Корпорация М.И.Ф."" автор рассказывает о том, как компания M.I.F. создала свой собственный эпиграф. 3. В книге ""Корпорация М",new_mistral__chegeka_generated_results.csv,0.0,0,1.3351881227668811e-30,0.9496977912055122
"Эпиграф к книге ""Корпорация М.И.Ф."" Асприна звучит так: ""Главное — не злоупотреблять..."". Чем?","На вас лежит ответственная задача отгадать вопрос из раздела ""Миф"": Эпиграф к книге ""Корпорация М.И.Ф."" Асприна звучит так: ""Главное — не злоупотреблять..."". Чем?.
Ответ: ",Эпиграфами,1. Не злоупотреблять. 2. Не злоупотреблять. 3. Не злоупотреблять. 4. Не злоупотреблять. 5. Не злоупотреблять. 6. Не злоупотреблять. 7. Не злоупотреблять. 8. Не злоупотреб,new_mistral__chegeka_generated_results.csv,0.0,0,2.9865302093816103e-31,0.9496977912055122
"Эпиграф к книге ""Корпорация М.И.Ф."" Асприна звучит так: ""Главное — не злоупотреблять..."". Чем?","Спрятанный вопрос из раздела ""Миф"" ждет вашего ответа: Эпиграф к книге ""Корпорация М.И.Ф."" Асприна звучит так: ""Главное — не злоупотреблять..."". Чем?
Ответ: ",Эпиграфами,"1. В книге ""Корпорация М.И.Ф."" автор Асприна говорит, что главное не злоупотреблять.
2. В книге ""Корпорация М.И.Ф."" автор Асприна говорит, что главное не злоупотреблять.
3. В книге ""Корпорация М.И.Ф."" автор Асприна",new_mistral__chegeka_generated_results.csv,0.0,0,2.3525620004239885e-30,0.9496977912055122
"Кроме известных исторических полотен, ЕГО кисти принадлежат росписи ""первой версии"" Храма Христа Спасителя.","Вы участвуете в викторине ""Что? Где? Когда?"". Внимательно прочитайте вопрос из категории ""-УРИ-."" и ответьте на него. Обратите внимание на формат ответа: если он не указан в вопросе, то запишите только слово или фразу, отвечающую на вопрос, никаких дополнительных рассуждений приводить не нужно.
Вопрос: Кроме известных исторических полотен, ЕГО кисти принадлежат росписи ""первой версии"" Храма Христа Спасителя.
Ответ: ",Василий Суриков,"1. ""первая версия"" Храма Христа Спасителя - это первая версия Храма Христа Спасителя, построенного в 1977 году.
2. ЕГО кисти - это кисти, которые принадлежат Египетскому музею.
3. ""Кроме"" - это предложение, которое говорит о том, что в вопросе есть несколько вариан",new_mistral__chegeka_generated_results.csv,0.0,0,2.544081549447947e-35,0.7455647362603082
"Кроме известных исторических полотен, ЕГО кисти принадлежат росписи ""первой версии"" Храма Христа Спасителя.","Прочитайте вопрос из категории ""-УРИ-."" и ответьте на него: Кроме известных исторических полотен, ЕГО кисти принадлежат росписи ""первой версии"" Храма Христа Спасителя.
Ответ: ",Василий Суриков,"1. ""Первая версия"" Храма Христа Спасителя была создана в 1450 году.
2. ЕГО кисти принадлежат росписи ""первой версии"" Храма Христа Спасителя.",new_mistral__chegeka_generated_results.csv,0.0,0,1.3811442562968766e-35,0.7455647362603082
"Кроме известных исторических полотен, ЕГО кисти принадлежат росписи ""первой версии"" Храма Христа Спасителя.","Вы участвуете в викторине ""Что? Где? Когда?"". Внимательно прочитайте вопрос из категории ""-УРИ-."" и ответьте на него. Обратите внимание на формат ответа: если он не указан в вопросе, то запишите только слово или фразу, отвечающую на вопрос, никаких дополнительных рассуждений приводить не нужно.
Вопрос: Кроме известных исторических полотен, ЕГО кисти принадлежат росписи ""первой версии"" Храма Христа Спасителя.
Ответ: ",Василий Суриков,"1. ""первая версия"" Храма Христа Спасителя - это первая версия Храма Христа Спасителя, построенного в 1977 году.
2. ЕГО кисти - это кисти, которые принадлежат Египетскому музею.
3. ""Кроме"" - это предложение, которое говорит о том, что в вопросе есть несколько вариан",new_mistral__chegeka_generated_results.csv,0.0,0,2.544081549447947e-35,0.7455647362603082
"Кроме известных исторических полотен, ЕГО кисти принадлежат росписи ""первой версии"" Храма Христа Спасителя.","Вы участвуете в викторине ""Что? Где? Когда?"". Прочитайте внимательно вопрос из категории ""-УРИ-."" и дайте точный ответ. Вопрос: Кроме известных исторических полотен, ЕГО кисти принадлежат росписи ""первой версии"" Храма Христа Спасителя.
Ответ: ",Василий Суриков,"1. ""Первая версия"" Храма Христа Спасителя - это роспись, которая была сделана в 1950-х годах.
2. ""Первая версия"" Храма Христа Спасителя - это роспись, которая была сделана в 1950-х годах.
3. ""Первая версия"" Храма Христа Спасите",new_mistral__chegeka_generated_results.csv,0.0,0,3.787998760371418e-36,0.7455647362603082
"Кроме известных исторических полотен, ЕГО кисти принадлежат росписи ""первой версии"" Храма Христа Спасителя.","Угадайте, в какой категории из ""Что? Где? Когда?"" относится следующий вопрос: ""Кроме известных исторических полотен, ЕГО кисти принадлежат росписи ""первой версии"" Храма Христа Спасителя."". Ваш ответ: -УРИ-.
Ответ: ",Василий Суриков,"1. The first version of the Hagia Sophia was built in Constantinople in 537.
2. The Hagia Sophia was built in Constantinople in 537.",new_mistral__chegeka_generated_results.csv,0.0,0,1.3659068845079452e-32,0.7455647362603082
"Кроме известных исторических полотен, ЕГО кисти принадлежат росписи ""первой версии"" Храма Христа Спасителя.","Подумайте и дайте точный ответ на вопрос из категории ""-УРИ-."": Кроме известных исторических полотен, ЕГО кисти принадлежат росписи ""первой версии"" Храма Христа Спасителя.
Ответ: ",Василий Суриков,"1. The first known painting of the Hagia Sophia is the ""Mosaic of the Hagia Sophia"" (1206-1207).
2. The second known painting of the Hagia Sophia is the ""Mosaic of the Hagia Sophia"" (1206-1207).
3. The third known painting of the Hagia Sophia is the ""Mosaic of the H",new_mistral__chegeka_generated_results.csv,0.0,0,3.492303742490247e-35,0.7455647362603082
"Кроме известных исторических полотен, ЕГО кисти принадлежат росписи ""первой версии"" Храма Христа Спасителя.","Ваш вопрос из категории ""-УРИ-."": Кроме известных исторических полотен, ЕГО кисти принадлежат росписи ""первой версии"" Храма Христа Спасителя.. Внимание, у вас ограниченное время!
Ответ: ",Василий Суриков,"1. The first known painting of the Hagia Sophia is the ""Mosaic of the Hagia Sophia"" (1206-1207). 2. The second known painting of the Hagia Sophia is the ""Mosaic of the Hagia Sophia"" (1206-1207). 3. The third known painting of the Hagia Sophia is the ""Mosaic of the H",new_mistral__chegeka_generated_results.csv,0.0,0,6.153098525528198e-32,0.7455647362603082
"Кроме известных исторических полотен, ЕГО кисти принадлежат росписи ""первой версии"" Храма Христа Спасителя.","Подумайте быстро! Что бы вы ответили на вопрос из категории ""-УРИ-."": Кроме известных исторических полотен, ЕГО кисти принадлежат росписи ""первой версии"" Храма Христа Спасителя.?
Ответ: ",Василий Суриков,"1. The first known version of the Hagia Sophia was the ""first version"" of the Hagia Sophia. 2. The first known version of the Hagia Sophia was the ""first version"" of the Hagia Sophia.",new_mistral__chegeka_generated_results.csv,0.0,0,2.9428505799160646e-34,0.7455647362603082
"Кроме известных исторических полотен, ЕГО кисти принадлежат росписи ""первой версии"" Храма Христа Спасителя.","На вас лежит ответственная задача отгадать вопрос из раздела ""-УРИ-."": Кроме известных исторических полотен, ЕГО кисти принадлежат росписи ""первой версии"" Храма Христа Спасителя..
Ответ: ",Василий Суриков,"1. ""Первая версия Храма Христа Спасителя""",new_mistral__chegeka_generated_results.csv,0.0,0,2.271432678152347e-32,0.7455647362603082
"Кроме известных исторических полотен, ЕГО кисти принадлежат росписи ""первой версии"" Храма Христа Спасителя.","Спрятанный вопрос из раздела ""-УРИ-."" ждет вашего ответа: Кроме известных исторических полотен, ЕГО кисти принадлежат росписи ""первой версии"" Храма Христа Спасителя.
Ответ: ",Василий Суриков,"1. В 1950-е годы в СССР были найдены два известных произведения художника, которые, по мнению некоторых специалистов, являются первыми известными работами художника.
2. В 1950-е годы в СССР были найдены два известных произведения художника, которые, по мнению некоторых специалистов, являются первыми известными работами художника.
3.",new_mistral__chegeka_generated_results.csv,0.0,0,7.53358992692803e-32,0.7455647362603082
Именно столько морей омывает берега Италии.,"Вы участвуете в викторине ""Что? Где? Когда?"". Внимательно прочитайте вопрос из категории ""Италия"" и ответьте на него. Обратите внимание на формат ответа: если он не указан в вопросе, то запишите только слово или фразу, отвечающую на вопрос, никаких дополнительных рассуждений приводить не нужно.
Вопрос: Именно столько морей омывает берега Италии.
Ответ: ","Пять (Ионическое, Тирренское, Лигурийское, Адриатическое и Средиземное)",1000000000000000000000000000000000000000000000000000000000000000000000000000000000000000000000000000,new_mistral__chegeka_generated_results.csv,0.0,0,1.6556970875117928e-203,0.9137808905707465
Именно столько морей омывает берега Италии.,"Прочитайте вопрос из категории ""Италия"" и ответьте на него: Именно столько морей омывает берега Италии.
Ответ: ","Пять (Ионическое, Тирренское, Лигурийское, Адриатическое и Средиземное)",1000000000000000000000000000000000000000000000000000000000000000000000000000000000000000000000000000,new_mistral__chegeka_generated_results.csv,0.0,0,1.577568402158863e-199,0.9137808905707465
Именно столько морей омывает берега Италии.,"Вы участвуете в викторине ""Что? Где? Когда?"". Внимательно прочитайте вопрос из категории ""Италия"" и ответьте на него. Обратите внимание на формат ответа: если он не указан в вопросе, то запишите только слово или фразу, отвечающую на вопрос, никаких дополнительных рассуждений приводить не нужно.
Вопрос: Именно столько морей омывает берега Италии.
Ответ: ","Пять (Ионическое, Тирренское, Лигурийское, Адриатическое и Средиземное)",1000000000000000000000000000000000000000000000000000000000000000000000000000000000000000000000000000,new_mistral__chegeka_generated_results.csv,0.0,0,1.6556970875117928e-203,0.9137808905707465
Именно столько морей омывает берега Италии.,"Вы участвуете в викторине ""Что? Где? Когда?"". Прочитайте внимательно вопрос из категории ""Италия"" и дайте точный ответ. Вопрос: Именно столько морей омывает берега Италии.
Ответ: ","Пять (Ионическое, Тирренское, Лигурийское, Адриатическое и Средиземное)",1000000000000000000000000000000000000000000000000000000000000000000000000000000000000000000000000000,new_mistral__chegeka_generated_results.csv,0.0,0,7.603641122557243e-197,0.9137808905707465
Именно столько морей омывает берега Италии.,"Угадайте, в какой категории из ""Что? Где? Когда?"" относится следующий вопрос: ""Именно столько морей омывает берега Италии."". Ваш ответ: Италия
Ответ: ","Пять (Ионическое, Тирренское, Лигурийское, Адриатическое и Средиземное)",1. Италия,new_mistral__chegeka_generated_results.csv,0.0,0,5.5796376349145974e-198,0.9137808905707465
Именно столько морей омывает берега Италии.,"Подумайте и дайте точный ответ на вопрос из категории ""Италия"": Именно столько морей омывает берега Италии.
Ответ: ","Пять (Ионическое, Тирренское, Лигурийское, Адриатическое и Средиземное)",1000000000000000000000000000000000000000000000000000000000000000000000000000000000000000000000000000,new_mistral__chegeka_generated_results.csv,0.0,0,3.0011279197237164e-189,0.9137808905707465
Именно столько морей омывает берега Италии.,"Ваш вопрос из категории ""Италия"": Именно столько морей омывает берега Италии.. Внимание, у вас ограниченное время!
Ответ: ","Пять (Ионическое, Тирренское, Лигурийское, Адриатическое и Средиземное)",1000000000000000000000000000000000000000000000000000000000000000000000000000000000000000000000000000,new_mistral__chegeka_generated_results.csv,0.0,0,5.652510583120323e-205,0.9137808905707465
Именно столько морей омывает берега Италии.,"Подумайте быстро! Что бы вы ответили на вопрос из категории ""Италия"": Именно столько морей омывает берега Италии.?
Ответ: ","Пять (Ионическое, Тирренское, Лигурийское, Адриатическое и Средиземное)",1000000000000000000000000000000000000000000000000000000000000000000000000000000000000000000000000000,new_mistral__chegeka_generated_results.csv,0.0,0,2.3470215685588455e-201,0.9137808905707465
Именно столько морей омывает берега Италии.,"На вас лежит ответственная задача отгадать вопрос из раздела ""Италия"": Именно столько морей омывает берега Италии..
Ответ: ","Пять (Ионическое, Тирренское, Лигурийское, Адриатическое и Средиземное)",1000000000000000000000000000000000000000000000000000000000000000000000000000000000000000000000000000,new_mistral__chegeka_generated_results.csv,0.0,0,8.89541642701194e-176,0.9137808905707465
Именно столько морей омывает берега Италии.,"Спрятанный вопрос из раздела ""Италия"" ждет вашего ответа: Именно столько морей омывает берега Италии.
Ответ: ","Пять (Ионическое, Тирренское, Лигурийское, Адриатическое и Средиземное)",1000000000000000000000000000000000000000000000000000000000000000000000000000000000000000000000000000,new_mistral__chegeka_generated_results.csv,0.0,0,3.151706024462912e-183,0.9137808905707465
"Именно ему Эразм Роттердамский посвятил свою книгу ""Похвала глупости"", а церковь канонизировала его в 1935 году, хотя он и написал книгу о ""месте, которого нет"".","Вы участвуете в викторине ""Что? Где? Когда?"". Внимательно прочитайте вопрос из категории ""ФИЛОСОФИЯ"" и ответьте на него. Обратите внимание на формат ответа: если он не указан в вопросе, то запишите только слово или фразу, отвечающую на вопрос, никаких дополнительных рассуждений приводить не нужно.
Вопрос: Именно ему Эразм Роттердамский посвятил свою книгу ""Похвала глупости"", а церковь канонизировала его в 1935 году, хотя он и написал книгу о ""месте, которого нет"".
Ответ: ","Томас Мор (""Утопия"")","1. Эразм Роттердамский написал книгу о ""месте, которого нет"".
2. Если он не указан в вопросе, то запишите только слово или фразу, отвечающую на вопрос, никаких дополнительных рассуждений приводить не нужно.",new_mistral__chegeka_generated_results.csv,0.0,0,3.3342169682617156e-75,0.9352333068847656
"Именно ему Эразм Роттердамский посвятил свою книгу ""Похвала глупости"", а церковь канонизировала его в 1935 году, хотя он и написал книгу о ""месте, которого нет"".","Прочитайте вопрос из категории ""ФИЛОСОФИЯ"" и ответьте на него: Именно ему Эразм Роттердамский посвятил свою книгу ""Похвала глупости"", а церковь канонизировала его в 1935 году, хотя он и написал книгу о ""месте, которого нет"".
Ответ: ","Томас Мор (""Утопия"")","1. Эразм Роттердамский посвятил свою книгу ""Похвала глупости"" своему другу, который был известен как ""Место, которое нет"". 2. Роттердамский посвятил свою книгу ""Похвала глупости"" своему другу, который был известен как ""Место, которое нет"". 3. Роттердам",new_mistral__chegeka_generated_results.csv,0.0,0,1.0487372592305832e-70,0.9352333068847656
"Именно ему Эразм Роттердамский посвятил свою книгу ""Похвала глупости"", а церковь канонизировала его в 1935 году, хотя он и написал книгу о ""месте, которого нет"".","Вы участвуете в викторине ""Что? Где? Когда?"". Внимательно прочитайте вопрос из категории ""ФИЛОСОФИЯ"" и ответьте на него. Обратите внимание на формат ответа: если он не указан в вопросе, то запишите только слово или фразу, отвечающую на вопрос, никаких дополнительных рассуждений приводить не нужно.
Вопрос: Именно ему Эразм Роттердамский посвятил свою книгу ""Похвала глупости"", а церковь канонизировала его в 1935 году, хотя он и написал книгу о ""месте, которого нет"".
Ответ: ","Томас Мор (""Утопия"")","1. Эразм Роттердамский написал книгу о ""месте, которого нет"".
2. Если он не указан в вопросе, то запишите только слово или фразу, отвечающую на вопрос, никаких дополнительных рассуждений приводить не нужно.",new_mistral__chegeka_generated_results.csv,0.0,0,3.3342169682617156e-75,0.9352333068847656
"Именно ему Эразм Роттердамский посвятил свою книгу ""Похвала глупости"", а церковь канонизировала его в 1935 году, хотя он и написал книгу о ""месте, которого нет"".","Вы участвуете в викторине ""Что? Где? Когда?"". Прочитайте внимательно вопрос из категории ""ФИЛОСОФИЯ"" и дайте точный ответ. Вопрос: Именно ему Эразм Роттердамский посвятил свою книгу ""Похвала глупости"", а церковь канонизировала его в 1935 году, хотя он и написал книгу о ""месте, которого нет"".
Ответ: ","Томас Мор (""Утопия"")","1. Эразм Роттердамский посвятил свою книгу ""Похвала глупости"" в 1935 году. 2. Церковь канонизировала его в 1935 году.",new_mistral__chegeka_generated_results.csv,0.0,0,4.341471579912981e-72,0.9352333068847656
"Именно ему Эразм Роттердамский посвятил свою книгу ""Похвала глупости"", а церковь канонизировала его в 1935 году, хотя он и написал книгу о ""месте, которого нет"".","Угадайте, в какой категории из ""Что? Где? Когда?"" относится следующий вопрос: ""Именно ему Эразм Роттердамский посвятил свою книгу ""Похвала глупости"", а церковь канонизировала его в 1935 году, хотя он и написал книгу о ""месте, которого нет""."". Ваш ответ: ФИЛОСОФИЯ
Ответ: ","Томас Мор (""Утопия"")",1. Философия,new_mistral__chegeka_generated_results.csv,0.0,0,7.804159605971099e-70,0.9352333068847656
"Именно ему Эразм Роттердамский посвятил свою книгу ""Похвала глупости"", а церковь канонизировала его в 1935 году, хотя он и написал книгу о ""месте, которого нет"".","Подумайте и дайте точный ответ на вопрос из категории ""ФИЛОСОФИЯ"": Именно ему Эразм Роттердамский посвятил свою книгу ""Похвала глупости"", а церковь канонизировала его в 1935 году, хотя он и написал книгу о ""месте, которого нет"".
Ответ: ","Томас Мор (""Утопия"")","1. Эразм Роттердамский был известен как философ, поэт и писатель. 2. Его книга ""Похвала глупости"" была написана в 1632 году. 3. Роттердамский посвятил книгу ""Похвала глупости"" своему другу, который был известен как философ. 4. Роттердамский написал",new_mistral__chegeka_generated_results.csv,0.0,0,4.712102369313064e-71,0.9352333068847656
"Именно ему Эразм Роттердамский посвятил свою книгу ""Похвала глупости"", а церковь канонизировала его в 1935 году, хотя он и написал книгу о ""месте, которого нет"".","Ваш вопрос из категории ""ФИЛОСОФИЯ"": Именно ему Эразм Роттердамский посвятил свою книгу ""Похвала глупости"", а церковь канонизировала его в 1935 году, хотя он и написал книгу о ""месте, которого нет"".. Внимание, у вас ограниченное время!
Ответ: ","Томас Мор (""Утопия"")","1. Эразм Роттердамский был известен как философ, поэт и писатель. 2. Его книга ""Похвала глупости"" была посвящена вопросу о том, как можно найти справедливость в обществе. 3. Эразм Роттердамский был канонизирован в 1935 году. 4. Эразм Роттерда",new_mistral__chegeka_generated_results.csv,0.0,0,7.385062699381744e-67,0.9352333068847656
"Именно ему Эразм Роттердамский посвятил свою книгу ""Похвала глупости"", а церковь канонизировала его в 1935 году, хотя он и написал книгу о ""месте, которого нет"".","Подумайте быстро! Что бы вы ответили на вопрос из категории ""ФИЛОСОФИЯ"": Именно ему Эразм Роттердамский посвятил свою книгу ""Похвала глупости"", а церковь канонизировала его в 1935 году, хотя он и написал книгу о ""месте, которого нет"".?
Ответ: ","Томас Мор (""Утопия"")","1. Эразм Роттердамский посвятил свою книгу ""Похвала глупости"" нашему другу, который был известен как ""Место, где нет"". 2. Церковь канонизировала его в 1935 году, хотя он и написал книгу о ""месте, которого нет"".",new_mistral__chegeka_generated_results.csv,0.0,0,5.492569183856524e-61,0.9352333068847656
"Именно ему Эразм Роттердамский посвятил свою книгу ""Похвала глупости"", а церковь канонизировала его в 1935 году, хотя он и написал книгу о ""месте, которого нет"".","На вас лежит ответственная задача отгадать вопрос из раздела ""ФИЛОСОФИЯ"": Именно ему Эразм Роттердамский посвятил свою книгу ""Похвала глупости"", а церковь канонизировала его в 1935 году, хотя он и написал книгу о ""месте, которого нет""..
Ответ: ","Томас Мор (""Утопия"")","1. ""Место, где нет""",new_mistral__chegeka_generated_results.csv,0.0,0,7.289590637602317e-61,0.9352333068847656
"Именно ему Эразм Роттердамский посвятил свою книгу ""Похвала глупости"", а церковь канонизировала его в 1935 году, хотя он и написал книгу о ""месте, которого нет"".","Спрятанный вопрос из раздела ""ФИЛОСОФИЯ"" ждет вашего ответа: Именно ему Эразм Роттердамский посвятил свою книгу ""Похвала глупости"", а церковь канонизировала его в 1935 году, хотя он и написал книгу о ""месте, которого нет"".
Ответ: ","Томас Мор (""Утопия"")","1. Эразм Роттердамский был известен как философ, поэт и писатель. 2. Его книга ""Похвала глупости"" была написана в 1619 году. 3. Эразм Роттердамский был канонизирован в 1935 году.",new_mistral__chegeka_generated_results.csv,0.0,0,1.8185031950614088e-69,0.9352333068847656
"ЭТОТ ОРЕХ является до такой степени важной частью экспорта Гренады, что даже попал на ее флаг.","Вы участвуете в викторине ""Что? Где? Когда?"". Внимательно прочитайте вопрос из категории ""Орехи"" и ответьте на него. Обратите внимание на формат ответа: если он не указан в вопросе, то запишите только слово или фразу, отвечающую на вопрос, никаких дополнительных рассуждений приводить не нужно.
Вопрос: ЭТОТ ОРЕХ является до такой степени важной частью экспорта Гренады, что даже попал на ее флаг.
Ответ: ",Мускатный,1. Орехи. 2. Гренада. 3. Флаг. 4. Достаточно.,new_mistral__chegeka_generated_results.csv,0.0,0,1.19175949487626e-27,0.8299891153971355
"ЭТОТ ОРЕХ является до такой степени важной частью экспорта Гренады, что даже попал на ее флаг.","Прочитайте вопрос из категории ""Орехи"" и ответьте на него: ЭТОТ ОРЕХ является до такой степени важной частью экспорта Гренады, что даже попал на ее флаг.
Ответ: ",Мускатный,"1. Орехи являются важной частью экспорта Гренады. 2. Орехи являются до такой степени важной частью экспорта Гренады, что даже попали на ее флаг.",new_mistral__chegeka_generated_results.csv,0.0,0,4.414399764279697e-25,0.8299891153971355
"ЭТОТ ОРЕХ является до такой степени важной частью экспорта Гренады, что даже попал на ее флаг.","Вы участвуете в викторине ""Что? Где? Когда?"". Внимательно прочитайте вопрос из категории ""Орехи"" и ответьте на него. Обратите внимание на формат ответа: если он не указан в вопросе, то запишите только слово или фразу, отвечающую на вопрос, никаких дополнительных рассуждений приводить не нужно.
Вопрос: ЭТОТ ОРЕХ является до такой степени важной частью экспорта Гренады, что даже попал на ее флаг.
Ответ: ",Мускатный,1. Орехи. 2. Гренада. 3. Флаг. 4. Достаточно.,new_mistral__chegeka_generated_results.csv,0.0,0,1.19175949487626e-27,0.8299891153971355
"ЭТОТ ОРЕХ является до такой степени важной частью экспорта Гренады, что даже попал на ее флаг.","Вы участвуете в викторине ""Что? Где? Когда?"". Прочитайте внимательно вопрос из категории ""Орехи"" и дайте точный ответ. Вопрос: ЭТОТ ОРЕХ является до такой степени важной частью экспорта Гренады, что даже попал на ее флаг.
Ответ: ",Мускатный,1. Орехи являются достаточно важной частью экспорта Гренады. 2. Орехи являются достаточно важной частью экспорта Гренады.,new_mistral__chegeka_generated_results.csv,0.0,0,2.235140019951203e-27,0.8299891153971355
"ЭТОТ ОРЕХ является до такой степени важной частью экспорта Гренады, что даже попал на ее флаг.","Угадайте, в какой категории из ""Что? Где? Когда?"" относится следующий вопрос: ""ЭТОТ ОРЕХ является до такой степени важной частью экспорта Гренады, что даже попал на ее флаг."". Ваш ответ: Орехи
Ответ: ",Мускатный,1. Орехи,new_mistral__chegeka_generated_results.csv,0.0,0,4.156799196491036e-25,0.8299891153971355
"ЭТОТ ОРЕХ является до такой степени важной частью экспорта Гренады, что даже попал на ее флаг.","Подумайте и дайте точный ответ на вопрос из категории ""Орехи"": ЭТОТ ОРЕХ является до такой степени важной частью экспорта Гренады, что даже попал на ее флаг.
Ответ: ",Мускатный,1. Орехи являются важной частью экспорта Гренады. 2. Орехи являются важной частью экспорта Гренады.,new_mistral__chegeka_generated_results.csv,0.0,0,2.3863658870725358e-26,0.8299891153971355
"ЭТОТ ОРЕХ является до такой степени важной частью экспорта Гренады, что даже попал на ее флаг.","Ваш вопрос из категории ""Орехи"": ЭТОТ ОРЕХ является до такой степени важной частью экспорта Гренады, что даже попал на ее флаг.. Внимание, у вас ограниченное время!
Ответ: ",Мускатный,1. The answer is oranges. 2. The answer is oranges. 3. The answer is oranges. 4. The answer is oranges. 5. The answer is oranges. 6. The answer is oranges. 7. The answer is oranges. 8. The answer is oranges. 9. The answer is oranges. 10. The answer is oranges. 11. The answer is oranges.,new_mistral__chegeka_generated_results.csv,0.0,0,4.972402224319991e-25,0.8299891153971355
"ЭТОТ ОРЕХ является до такой степени важной частью экспорта Гренады, что даже попал на ее флаг.","Подумайте быстро! Что бы вы ответили на вопрос из категории ""Орехи"": ЭТОТ ОРЕХ является до такой степени важной частью экспорта Гренады, что даже попал на ее флаг.?
Ответ: ",Мускатный,1. Орехи - это важная часть экспорта Гренады. 2. Орехи - это до такой степени важной частью экспорта Гренады. 3. Орехи - это до такой степени важной частью экспорта Гренады. 4. Орехи - это до такой степени важной частью экспорта Гренады. 5. Орехи - это до такой степени важной,new_mistral__chegeka_generated_results.csv,0.0,0,1.4760259167695894e-25,0.8299891153971355
"ЭТОТ ОРЕХ является до такой степени важной частью экспорта Гренады, что даже попал на ее флаг.","На вас лежит ответственная задача отгадать вопрос из раздела ""Орехи"": ЭТОТ ОРЕХ является до такой степени важной частью экспорта Гренады, что даже попал на ее флаг..
Ответ: ",Мускатный,1. Орехи. 2. Орехи. 3. Орехи. 4. Орехи. 5. Орехи. 6. Орехи. 7. Орехи. 8. Орехи. 9. Орехи. 10. Орехи. 11. Орехи. 12. Орехи. 13. Орехи. 14. Оре,new_mistral__chegeka_generated_results.csv,0.0,0,7.3822654049524e-24,0.8299891153971355
"ЭТОТ ОРЕХ является до такой степени важной частью экспорта Гренады, что даже попал на ее флаг.","Спрятанный вопрос из раздела ""Орехи"" ждет вашего ответа: ЭТОТ ОРЕХ является до такой степени важной частью экспорта Гренады, что даже попал на ее флаг.
Ответ: ",Мускатный,"1. Орехи - это не только очень популярные в Гренаде, но и важные для экономики страны.
2. Орехи - это важная часть экспорта Гренады.
3. Орехи - это важная часть экспорта Гренады.",new_mistral__chegeka_generated_results.csv,0.0,0,6.196226154107693e-24,0.8299891153971355
