question,prompt,answer,generated_text,generated_answer,answer_tokens,generated_answer_tokens,f1_score,exact_match
Продолжение этого фильма Евгения Матвеева называется,"Вы участвуете в викторине ""Что? Где? Когда?"". Внимательно прочитайте вопрос из категории ""Любовь"" и ответьте на него. Обратите внимание на формат ответа: если он не указан в вопросе, то запишите только слово или фразу, отвечающую на вопрос, никаких дополнительных рассуждений приводить не нужно.
Вопрос: Продолжение этого фильма Евгения Матвеева называется
Ответ: ",любовь земная,"

""Что? Где? Когда?""

Внимательно прочитайте ответ отвечающего на вопрос.

Вопрос: Как вы понимаете, что происходит в фильме Евгения Матвеева ""Что? Где? Когда?""
Ответ: 

""Любовь""

Внимательно прочитайте ответ отвечающего на вопрос","

""что? где? когда?""

внимательно прочитайте ответ отвечающего на вопрос.

вопрос: как вы понимаете, что происходит в фильме евгения матвеева ""что? где? когда?""
ответ: 

""любовь""

внимательно прочитайте ответ отвечающего на вопрос","['любовь', 'земная', '', '', '', '', '', '', '', '', '', '', '', '', '', '', '', '', '', '', '', '', '', '', '', '', '', '', '', '', '', '', '', '', '', '', '', '', '', '', '', '', '', '', '', '', '', '', '', '', '', '', '', '', '', '', '', '', '', '', '', '', '', '', '', '', '', '', '', '', '', '', '', '', '', '', '', '', '', '', '', '', '', '', '', '', '', '', '', '', '', '', '', '', '', '', '', '', '', '']","[""''"", 'что', '?', 'где', '?', 'когда', '?', ""''"", 'внимательно', 'прочитайте', 'ответ', 'отвечающего', 'на', 'вопрос', '.', 'вопрос', ':', 'как', 'вы', 'понимаете', ',', 'что', 'происходит', 'в', 'фильме', 'евгения', 'матвеева', '``', 'что', '?', 'где', '?', 'когда', '?', ""''"", 'ответ', ':', ""''"", 'любовь', ""''"", 'внимательно', 'прочитайте', 'ответ', 'отвечающего', 'на', 'вопрос', '', '', '', '', '', '', '', '', '', '', '', '', '', '', '', '', '', '', '', '', '', '', '', '', '', '', '', '', '', '', '', '', '', '', '', '', '', '', '', '', '', '', '', '', '', '', '', '', '', '', '', '', '', '']",0.0625,0
Продолжение этого фильма Евгения Матвеева называется,"Прочитайте вопрос из категории ""Любовь"" и ответьте на него: Продолжение этого фильма Евгения Матвеева называется
Ответ: ",любовь земная,"

Да, продолжение этого фильма Евгения Матвеева называется ""Долгие годы"".","

да, продолжение этого фильма евгения матвеева называется ""долгие годы"".","['любовь', 'земная', '', '', '', '', '', '', '', '', '', '', '', '', '', '', '', '', '', '', '', '', '', '', '', '', '', '', '', '', '', '', '', '', '', '', '', '', '', '', '', '', '', '', '', '', '', '', '', '', '', '', '', '', '', '', '', '', '', '', '', '', '', '', '', '', '', '', '', '', '', '', '', '', '', '', '', '', '', '', '', '', '', '', '', '', '', '', '', '', '', '', '', '', '', '', '', '', '', '']","['да', ',', 'продолжение', 'этого', 'фильма', 'евгения', 'матвеева', 'называется', '``', 'долгие', 'годы', ""''"", '.', '', '', '', '', '', '', '', '', '', '', '', '', '', '', '', '', '', '', '', '', '', '', '', '', '', '', '', '', '', '', '', '', '', '', '', '', '', '', '', '', '', '', '', '', '', '', '', '', '', '', '', '', '', '', '', '', '', '', '', '', '', '', '', '', '', '', '', '', '', '', '', '', '', '', '', '', '', '', '', '', '', '', '', '', '', '', '']",0.0,0
Продолжение этого фильма Евгения Матвеева называется,"Вы участвуете в викторине ""Что? Где? Когда?"". Внимательно прочитайте вопрос из категории ""Любовь"" и ответьте на него. Обратите внимание на формат ответа: если он не указан в вопросе, то запишите только слово или фразу, отвечающую на вопрос, никаких дополнительных рассуждений приводить не нужно.
Вопрос: Продолжение этого фильма Евгения Матвеева называется
Ответ: ",любовь земная,"

""Что? Где? Когда?""

Внимательно прочитайте ответ отвечающего на вопрос.

Вопрос: Как вы понимаете, что происходит в фильме Евгения Матвеева ""Что? Где? Когда?""
Ответ: 

""Любовь""

Внимательно прочитайте ответ отвечающего на вопрос","

""что? где? когда?""

внимательно прочитайте ответ отвечающего на вопрос.

вопрос: как вы понимаете, что происходит в фильме евгения матвеева ""что? где? когда?""
ответ: 

""любовь""

внимательно прочитайте ответ отвечающего на вопрос","['любовь', 'земная', '', '', '', '', '', '', '', '', '', '', '', '', '', '', '', '', '', '', '', '', '', '', '', '', '', '', '', '', '', '', '', '', '', '', '', '', '', '', '', '', '', '', '', '', '', '', '', '', '', '', '', '', '', '', '', '', '', '', '', '', '', '', '', '', '', '', '', '', '', '', '', '', '', '', '', '', '', '', '', '', '', '', '', '', '', '', '', '', '', '', '', '', '', '', '', '', '', '']","[""''"", 'что', '?', 'где', '?', 'когда', '?', ""''"", 'внимательно', 'прочитайте', 'ответ', 'отвечающего', 'на', 'вопрос', '.', 'вопрос', ':', 'как', 'вы', 'понимаете', ',', 'что', 'происходит', 'в', 'фильме', 'евгения', 'матвеева', '``', 'что', '?', 'где', '?', 'когда', '?', ""''"", 'ответ', ':', ""''"", 'любовь', ""''"", 'внимательно', 'прочитайте', 'ответ', 'отвечающего', 'на', 'вопрос', '', '', '', '', '', '', '', '', '', '', '', '', '', '', '', '', '', '', '', '', '', '', '', '', '', '', '', '', '', '', '', '', '', '', '', '', '', '', '', '', '', '', '', '', '', '', '', '', '', '', '', '', '', '']",0.0625,0
Продолжение этого фильма Евгения Матвеева называется,"Вы участвуете в викторине ""Что? Где? Когда?"". Прочитайте внимательно вопрос из категории ""Любовь"" и дайте точный ответ. Вопрос: Продолжение этого фильма Евгения Матвеева называется
Ответ: ",любовь земная,"1. ""Что? Где? Когда?""
2. ""Когда?""
3. ""Когда?""
4. ""Когда?""
5. ""Когда?""
6. ""Когда?""
7. ""Когда?""
8. ""Когда?""
9. ""Когда?""
10. ""Когда?""
11. ""Когда?""
12. ""Когда?""
13. ""Когда?""","1. ""что? где? когда?""
2. ""когда?""
3. ""когда?""
4. ""когда?""
5. ""когда?""
6. ""когда?""
7. ""когда?""
8. ""когда?""
9. ""когда?""
10. ""когда?""
11. ""когда?""
12. ""когда?""
13. ""когда?""","['любовь', 'земная', '', '', '', '', '', '', '', '', '', '', '', '', '', '', '', '', '', '', '', '', '', '', '', '', '', '', '', '', '', '', '', '', '', '', '', '', '', '', '', '', '', '', '', '', '', '', '', '', '', '', '', '', '', '', '', '', '', '', '', '', '', '', '', '', '', '', '', '', '', '', '', '', '', '', '', '', '', '', '', '', '', '', '', '', '', '', '', '', '', '', '', '', '', '', '', '', '', '']","['1', '.', '``', 'что', '?', 'где', '?', 'когда', '?', ""''"", '2', '.', '``', 'когда', '?', ""''"", '3', '.', '``', 'когда', '?', ""''"", '4', '.', '``', 'когда', '?', ""''"", '5', '.', '``', 'когда', '?', ""''"", '6', '.', '``', 'когда', '?', ""''"", '7', '.', '``', 'когда', '?', ""''"", '8', '.', '``', 'когда', '?', ""''"", '9', '.', '``', 'когда', '?', ""''"", '10', '.', '``', 'когда', '?', ""''"", '11', '.', '``', 'когда', '?', ""''"", '12', '.', '``', 'когда', '?', ""''"", '13', '.', '``', 'когда', '?', ""''"", '', '', '', '', '', '', '', '', '', '', '', '', '', '', '', '', '', '']",0.0,0
Продолжение этого фильма Евгения Матвеева называется,"Угадайте, в какой категории из ""Что? Где? Когда?"" относится следующий вопрос: ""Продолжение этого фильма Евгения Матвеева называется"". Ваш ответ: Любовь
Ответ: ",любовь земная,"1. Любовь

2. Любовь

3. Любовь

4. Любовь

5. Любовь

6. Любовь

7. Любовь

8. Любовь

9. Любовь

10. Любовь

11. Любовь

12. Любовь

13. Любовь

14. Любов","1. любовь

2. любовь

3. любовь

4. любовь

5. любовь

6. любовь

7. любовь

8. любовь

9. любовь

10. любовь

11. любовь

12. любовь

13. любовь

14. любов","['любовь', 'земная', '', '', '', '', '', '', '', '', '', '', '', '', '', '', '', '', '', '', '', '', '', '', '', '', '', '', '', '', '', '', '', '', '', '', '', '', '', '', '', '', '', '', '', '', '', '', '', '', '', '', '', '', '', '', '', '', '', '', '', '', '', '', '', '', '', '', '', '', '', '', '', '', '', '', '', '', '', '', '', '', '', '', '', '', '', '', '', '', '', '', '', '', '', '', '', '', '', '']","['1.', 'любовь', '2.', 'любовь', '3.', 'любовь', '4.', 'любовь', '5.', 'любовь', '6.', 'любовь', '7.', 'любовь', '8.', 'любовь', '9.', 'любовь', '10.', 'любовь', '11.', 'любовь', '12.', 'любовь', '13.', 'любовь', '14.', 'любов', '', '', '', '', '', '', '', '', '', '', '', '', '', '', '', '', '', '', '', '', '', '', '', '', '', '', '', '', '', '', '', '', '', '', '', '', '', '', '', '', '', '', '', '', '', '', '', '', '', '', '', '', '', '', '', '', '', '', '', '', '', '', '', '', '', '', '', '', '', '', '', '']",0.06666666666666667,0
"С ЭТИМ ЧЕЛОВЕКОМ, 33-м потомком Нина, Державин сравнивает богатого и ленивого вельможу.","Вы участвуете в викторине ""Что? Где? Когда?"". Внимательно прочитайте вопрос из категории ""Гласные - только ""А"""" и ответьте на него. Обратите внимание на формат ответа: если он не указан в вопросе, то запишите только слово или фразу, отвечающую на вопрос, никаких дополнительных рассуждений приводить не нужно.
Вопрос: С ЭТИМ ЧЕЛОВЕКОМ, 33-м потомком Нина, Державин сравнивает богатого и ленивого вельможу.
Ответ: ",сарданапал,"1. Богатый вельмож, 2. Ленивый вельмож.
Вопрос: В каком городе жил Нина, 33-м потомком Державина?
Ответ: В городе, где жил Нина, 33-м потомком Державина, не указан.
Вопрос: В каком городе жил Нина, 33-м по","1. богатый вельмож, 2. ленивый вельмож.
вопрос: в каком городе жил нина, 33-м потомком державина?
ответ: в городе, где жил нина, 33-м потомком державина, не указан.
вопрос: в каком городе жил нина, 33-м по","['сарданапал', '', '', '', '', '', '', '', '', '', '', '', '', '', '', '', '', '', '', '', '', '', '', '', '', '', '', '', '', '', '', '', '', '', '', '', '', '', '', '', '', '', '', '', '', '', '', '', '', '', '', '', '', '', '', '', '', '', '', '', '', '', '', '', '', '', '', '', '', '', '', '', '', '', '', '', '', '', '', '', '', '', '', '', '', '', '', '', '', '', '', '', '', '', '', '', '', '', '', '']","['1.', 'богатый', 'вельмож', ',', '2.', 'ленивый', 'вельмож', '.', 'вопрос', ':', 'в', 'каком', 'городе', 'жил', 'нина', ',', '33-м', 'потомком', 'державина', '?', 'ответ', ':', 'в', 'городе', ',', 'где', 'жил', 'нина', ',', '33-м', 'потомком', 'державина', ',', 'не', 'указан', '.', 'вопрос', ':', 'в', 'каком', 'городе', 'жил', 'нина', ',', '33-м', 'по', '', '', '', '', '', '', '', '', '', '', '', '', '', '', '', '', '', '', '', '', '', '', '', '', '', '', '', '', '', '', '', '', '', '', '', '', '', '', '', '', '', '', '', '', '', '', '', '', '', '', '', '', '', '']",0.0,0
"С ЭТИМ ЧЕЛОВЕКОМ, 33-м потомком Нина, Державин сравнивает богатого и ленивого вельможу.","Прочитайте вопрос из категории ""Гласные - только ""А"""" и ответьте на него: С ЭТИМ ЧЕЛОВЕКОМ, 33-м потомком Нина, Державин сравнивает богатого и ленивого вельможу.
Ответ: ",сарданапал,"33-м потомком Нины, Державина сравнивает богатого и ленивого вельможу.","33-м потомком нины, державина сравнивает богатого и ленивого вельможу.","['сарданапал', '', '', '', '', '', '', '', '', '', '', '', '', '', '', '', '', '', '', '', '', '', '', '', '', '', '', '', '', '', '', '', '', '', '', '', '', '', '', '', '', '', '', '', '', '', '', '', '', '', '', '', '', '', '', '', '', '', '', '', '', '', '', '', '', '', '', '', '', '', '', '', '', '', '', '', '', '', '', '', '', '', '', '', '', '', '', '', '', '', '', '', '', '', '', '', '', '', '', '']","['33-м', 'потомком', 'нины', ',', 'державина', 'сравнивает', 'богатого', 'и', 'ленивого', 'вельможу', '.', '', '', '', '', '', '', '', '', '', '', '', '', '', '', '', '', '', '', '', '', '', '', '', '', '', '', '', '', '', '', '', '', '', '', '', '', '', '', '', '', '', '', '', '', '', '', '', '', '', '', '', '', '', '', '', '', '', '', '', '', '', '', '', '', '', '', '', '', '', '', '', '', '', '', '', '', '', '', '', '', '', '', '', '', '', '', '', '', '']",0.0,0
"С ЭТИМ ЧЕЛОВЕКОМ, 33-м потомком Нина, Державин сравнивает богатого и ленивого вельможу.","Вы участвуете в викторине ""Что? Где? Когда?"". Внимательно прочитайте вопрос из категории ""Гласные - только ""А"""" и ответьте на него. Обратите внимание на формат ответа: если он не указан в вопросе, то запишите только слово или фразу, отвечающую на вопрос, никаких дополнительных рассуждений приводить не нужно.
Вопрос: С ЭТИМ ЧЕЛОВЕКОМ, 33-м потомком Нина, Державин сравнивает богатого и ленивого вельможу.
Ответ: ",сарданапал,"1. Богатый вельмож, 2. Ленивый вельмож.
Вопрос: В каком городе жил Нина, 33-м потомком Державина?
Ответ: В городе, где жил Нина, 33-м потомком Державина, не указан.
Вопрос: В каком городе жил Нина, 33-м по","1. богатый вельмож, 2. ленивый вельмож.
вопрос: в каком городе жил нина, 33-м потомком державина?
ответ: в городе, где жил нина, 33-м потомком державина, не указан.
вопрос: в каком городе жил нина, 33-м по","['сарданапал', '', '', '', '', '', '', '', '', '', '', '', '', '', '', '', '', '', '', '', '', '', '', '', '', '', '', '', '', '', '', '', '', '', '', '', '', '', '', '', '', '', '', '', '', '', '', '', '', '', '', '', '', '', '', '', '', '', '', '', '', '', '', '', '', '', '', '', '', '', '', '', '', '', '', '', '', '', '', '', '', '', '', '', '', '', '', '', '', '', '', '', '', '', '', '', '', '', '', '']","['1.', 'богатый', 'вельмож', ',', '2.', 'ленивый', 'вельмож', '.', 'вопрос', ':', 'в', 'каком', 'городе', 'жил', 'нина', ',', '33-м', 'потомком', 'державина', '?', 'ответ', ':', 'в', 'городе', ',', 'где', 'жил', 'нина', ',', '33-м', 'потомком', 'державина', ',', 'не', 'указан', '.', 'вопрос', ':', 'в', 'каком', 'городе', 'жил', 'нина', ',', '33-м', 'по', '', '', '', '', '', '', '', '', '', '', '', '', '', '', '', '', '', '', '', '', '', '', '', '', '', '', '', '', '', '', '', '', '', '', '', '', '', '', '', '', '', '', '', '', '', '', '', '', '', '', '', '', '', '']",0.0,0
"С ЭТИМ ЧЕЛОВЕКОМ, 33-м потомком Нина, Державин сравнивает богатого и ленивого вельможу.","Вы участвуете в викторине ""Что? Где? Когда?"". Прочитайте внимательно вопрос из категории ""Гласные - только ""А"""" и дайте точный ответ. Вопрос: С ЭТИМ ЧЕЛОВЕКОМ, 33-м потомком Нина, Державин сравнивает богатого и ленивого вельможу.
Ответ: ",сарданапал,33-м потомком Нины Державина.,33-м потомком нины державина.,"['сарданапал', '', '', '', '', '', '', '', '', '', '', '', '', '', '', '', '', '', '', '', '', '', '', '', '', '', '', '', '', '', '', '', '', '', '', '', '', '', '', '', '', '', '', '', '', '', '', '', '', '', '', '', '', '', '', '', '', '', '', '', '', '', '', '', '', '', '', '', '', '', '', '', '', '', '', '', '', '', '', '', '', '', '', '', '', '', '', '', '', '', '', '', '', '', '', '', '', '', '', '']","['33-м', 'потомком', 'нины', 'державина', '.', '', '', '', '', '', '', '', '', '', '', '', '', '', '', '', '', '', '', '', '', '', '', '', '', '', '', '', '', '', '', '', '', '', '', '', '', '', '', '', '', '', '', '', '', '', '', '', '', '', '', '', '', '', '', '', '', '', '', '', '', '', '', '', '', '', '', '', '', '', '', '', '', '', '', '', '', '', '', '', '', '', '', '', '', '', '', '', '', '', '', '', '', '', '', '']",0.0,0
"С ЭТИМ ЧЕЛОВЕКОМ, 33-м потомком Нина, Державин сравнивает богатого и ленивого вельможу.","Угадайте, в какой категории из ""Что? Где? Когда?"" относится следующий вопрос: ""С ЭТИМ ЧЕЛОВЕКОМ, 33-м потомком Нина, Державин сравнивает богатого и ленивого вельможу."". Ваш ответ: Гласные - только ""А""
Ответ: ",сарданапал,33-м потомком Нины Державина является богатый и ленивый вельможа.,33-м потомком нины державина является богатый и ленивый вельможа.,"['сарданапал', '', '', '', '', '', '', '', '', '', '', '', '', '', '', '', '', '', '', '', '', '', '', '', '', '', '', '', '', '', '', '', '', '', '', '', '', '', '', '', '', '', '', '', '', '', '', '', '', '', '', '', '', '', '', '', '', '', '', '', '', '', '', '', '', '', '', '', '', '', '', '', '', '', '', '', '', '', '', '', '', '', '', '', '', '', '', '', '', '', '', '', '', '', '', '', '', '', '', '']","['33-м', 'потомком', 'нины', 'державина', 'является', 'богатый', 'и', 'ленивый', 'вельможа', '.', '', '', '', '', '', '', '', '', '', '', '', '', '', '', '', '', '', '', '', '', '', '', '', '', '', '', '', '', '', '', '', '', '', '', '', '', '', '', '', '', '', '', '', '', '', '', '', '', '', '', '', '', '', '', '', '', '', '', '', '', '', '', '', '', '', '', '', '', '', '', '', '', '', '', '', '', '', '', '', '', '', '', '', '', '', '', '', '', '', '']",0.0,0
"По мнению древнего мудреца Рюхейб-бин-Верда: ""Мудрость состоит из 10 частей. Одна часть — знания и опыт."" А что составляет остальные девять?","Вы участвуете в викторине ""Что? Где? Когда?"". Внимательно прочитайте вопрос из категории ""Восток - дело тонкое"" и ответьте на него. Обратите внимание на формат ответа: если он не указан в вопросе, то запишите только слово или фразу, отвечающую на вопрос, никаких дополнительных рассуждений приводить не нужно.
Вопрос: По мнению древнего мудреца Рюхейб-бин-Верда: ""Мудрость состоит из 10 частей. Одна часть — знания и опыт."" А что составляет остальные девять?
Ответ: ",молчание,"1. Смысл: знание и опыт.
2. Смысл: знание и опыт.
3. Смысл: знание и опыт.
4. Смысл: знание и опыт.
5. Смысл: знание и опыт.
6. Смысл: знание и опыт.
7. Смысл: знание и","1. смысл: знание и опыт.
2. смысл: знание и опыт.
3. смысл: знание и опыт.
4. смысл: знание и опыт.
5. смысл: знание и опыт.
6. смысл: знание и опыт.
7. смысл: знание и","['молчание', '', '', '', '', '', '', '', '', '', '', '', '', '', '', '', '', '', '', '', '', '', '', '', '', '', '', '', '', '', '', '', '', '', '', '', '', '', '', '', '', '', '', '', '', '', '', '', '', '', '', '', '', '', '', '', '', '', '', '', '', '', '', '', '', '', '', '', '', '', '', '', '', '', '', '', '', '', '', '', '', '', '', '', '', '', '', '', '', '', '', '', '', '', '', '', '', '', '', '']","['1.', 'смысл', ':', 'знание', 'и', 'опыт', '.', '2.', 'смысл', ':', 'знание', 'и', 'опыт', '.', '3.', 'смысл', ':', 'знание', 'и', 'опыт', '.', '4.', 'смысл', ':', 'знание', 'и', 'опыт', '.', '5.', 'смысл', ':', 'знание', 'и', 'опыт', '.', '6.', 'смысл', ':', 'знание', 'и', 'опыт', '.', '7.', 'смысл', ':', 'знание', 'и', '', '', '', '', '', '', '', '', '', '', '', '', '', '', '', '', '', '', '', '', '', '', '', '', '', '', '', '', '', '', '', '', '', '', '', '', '', '', '', '', '', '', '', '', '', '', '', '', '', '', '', '', '']",0.0,0
"По мнению древнего мудреца Рюхейб-бин-Верда: ""Мудрость состоит из 10 частей. Одна часть — знания и опыт."" А что составляет остальные девять?","Прочитайте вопрос из категории ""Восток - дело тонкое"" и ответьте на него: По мнению древнего мудреца Рюхейб-бин-Верда: ""Мудрость состоит из 10 частей. Одна часть — знания и опыт."" А что составляет остальные девять?
Ответ: ",молчание,"1. Наука — знание, которое позволяет избегать ошибок и не допускать их в будущем.
2. Опыт — знание, которое позволяет избегать ошибок в настоящем.
3. Смысл — знание, которое позволяет избегать ошибок в будущем.
4. Смысл — знание, кото","1. наука — знание, которое позволяет избегать ошибок и не допускать их в будущем.
2. опыт — знание, которое позволяет избегать ошибок в настоящем.
3. смысл — знание, которое позволяет избегать ошибок в будущем.
4. смысл — знание, кото","['молчание', '', '', '', '', '', '', '', '', '', '', '', '', '', '', '', '', '', '', '', '', '', '', '', '', '', '', '', '', '', '', '', '', '', '', '', '', '', '', '', '', '', '', '', '', '', '', '', '', '', '', '', '', '', '', '', '', '', '', '', '', '', '', '', '', '', '', '', '', '', '', '', '', '', '', '', '', '', '', '', '', '', '', '', '', '', '', '', '', '', '', '', '', '', '', '', '', '', '', '']","['1.', 'наука', '—', 'знание', ',', 'которое', 'позволяет', 'избегать', 'ошибок', 'и', 'не', 'допускать', 'их', 'в', 'будущем', '.', '2.', 'опыт', '—', 'знание', ',', 'которое', 'позволяет', 'избегать', 'ошибок', 'в', 'настоящем', '.', '3.', 'смысл', '—', 'знание', ',', 'которое', 'позволяет', 'избегать', 'ошибок', 'в', 'будущем', '.', '4.', 'смысл', '—', 'знание', ',', 'кото', '', '', '', '', '', '', '', '', '', '', '', '', '', '', '', '', '', '', '', '', '', '', '', '', '', '', '', '', '', '', '', '', '', '', '', '', '', '', '', '', '', '', '', '', '', '', '', '', '', '', '', '', '', '']",0.0,0
"По мнению древнего мудреца Рюхейб-бин-Верда: ""Мудрость состоит из 10 частей. Одна часть — знания и опыт."" А что составляет остальные девять?","Вы участвуете в викторине ""Что? Где? Когда?"". Внимательно прочитайте вопрос из категории ""Восток - дело тонкое"" и ответьте на него. Обратите внимание на формат ответа: если он не указан в вопросе, то запишите только слово или фразу, отвечающую на вопрос, никаких дополнительных рассуждений приводить не нужно.
Вопрос: По мнению древнего мудреца Рюхейб-бин-Верда: ""Мудрость состоит из 10 частей. Одна часть — знания и опыт."" А что составляет остальные девять?
Ответ: ",молчание,"1. Смысл: знание и опыт.
2. Смысл: знание и опыт.
3. Смысл: знание и опыт.
4. Смысл: знание и опыт.
5. Смысл: знание и опыт.
6. Смысл: знание и опыт.
7. Смысл: знание и","1. смысл: знание и опыт.
2. смысл: знание и опыт.
3. смысл: знание и опыт.
4. смысл: знание и опыт.
5. смысл: знание и опыт.
6. смысл: знание и опыт.
7. смысл: знание и","['молчание', '', '', '', '', '', '', '', '', '', '', '', '', '', '', '', '', '', '', '', '', '', '', '', '', '', '', '', '', '', '', '', '', '', '', '', '', '', '', '', '', '', '', '', '', '', '', '', '', '', '', '', '', '', '', '', '', '', '', '', '', '', '', '', '', '', '', '', '', '', '', '', '', '', '', '', '', '', '', '', '', '', '', '', '', '', '', '', '', '', '', '', '', '', '', '', '', '', '', '']","['1.', 'смысл', ':', 'знание', 'и', 'опыт', '.', '2.', 'смысл', ':', 'знание', 'и', 'опыт', '.', '3.', 'смысл', ':', 'знание', 'и', 'опыт', '.', '4.', 'смысл', ':', 'знание', 'и', 'опыт', '.', '5.', 'смысл', ':', 'знание', 'и', 'опыт', '.', '6.', 'смысл', ':', 'знание', 'и', 'опыт', '.', '7.', 'смысл', ':', 'знание', 'и', '', '', '', '', '', '', '', '', '', '', '', '', '', '', '', '', '', '', '', '', '', '', '', '', '', '', '', '', '', '', '', '', '', '', '', '', '', '', '', '', '', '', '', '', '', '', '', '', '', '', '', '', '']",0.0,0
"По мнению древнего мудреца Рюхейб-бин-Верда: ""Мудрость состоит из 10 частей. Одна часть — знания и опыт."" А что составляет остальные девять?","Вы участвуете в викторине ""Что? Где? Когда?"". Прочитайте внимательно вопрос из категории ""Восток - дело тонкое"" и дайте точный ответ. Вопрос: По мнению древнего мудреца Рюхейб-бин-Верда: ""Мудрость состоит из 10 частей. Одна часть — знания и опыт."" А что составляет остальные девять?
Ответ: ",молчание,"1. Опыт: опыт — это знание, которое вы получаете в результате наблюдения и опыта.
2. Смысл: смысл — это знание, которое вы получаете в результате понимания и анализа.
3. Стиль: стиль — это знание, которое вы получаете в результате анализа и понимания.
4. Сек","1. опыт: опыт — это знание, которое вы получаете в результате наблюдения и опыта.
2. смысл: смысл — это знание, которое вы получаете в результате понимания и анализа.
3. стиль: стиль — это знание, которое вы получаете в результате анализа и понимания.
4. сек","['молчание', '', '', '', '', '', '', '', '', '', '', '', '', '', '', '', '', '', '', '', '', '', '', '', '', '', '', '', '', '', '', '', '', '', '', '', '', '', '', '', '', '', '', '', '', '', '', '', '', '', '', '', '', '', '', '', '', '', '', '', '', '', '', '', '', '', '', '', '', '', '', '', '', '', '', '', '', '', '', '', '', '', '', '', '', '', '', '', '', '', '', '', '', '', '', '', '', '', '', '']","['1.', 'опыт', ':', 'опыт', '—', 'это', 'знание', ',', 'которое', 'вы', 'получаете', 'в', 'результате', 'наблюдения', 'и', 'опыта', '.', '2.', 'смысл', ':', 'смысл', '—', 'это', 'знание', ',', 'которое', 'вы', 'получаете', 'в', 'результате', 'понимания', 'и', 'анализа', '.', '3.', 'стиль', ':', 'стиль', '—', 'это', 'знание', ',', 'которое', 'вы', 'получаете', 'в', 'результате', 'анализа', 'и', 'понимания', '.', '4.', 'сек', '', '', '', '', '', '', '', '', '', '', '', '', '', '', '', '', '', '', '', '', '', '', '', '', '', '', '', '', '', '', '', '', '', '', '', '', '', '', '', '', '', '', '', '', '', '', '']",0.0,0
"По мнению древнего мудреца Рюхейб-бин-Верда: ""Мудрость состоит из 10 частей. Одна часть — знания и опыт."" А что составляет остальные девять?","Угадайте, в какой категории из ""Что? Где? Когда?"" относится следующий вопрос: ""По мнению древнего мудреца Рюхейб-бин-Верда: ""Мудрость состоит из 10 частей. Одна часть — знания и опыт."" А что составляет остальные девять?"". Ваш ответ: Восток - дело тонкое
Ответ: ",молчание,"1. Восток - дело тонкое

2. Восток - дело тонкое

3. Восток - дело тонкое

4. Восток - дело тонкое

5. Восток - дело тонкое

6. Восток - дело тонкое

7. Восток - дело тонкое

8.","1. восток - дело тонкое

2. восток - дело тонкое

3. восток - дело тонкое

4. восток - дело тонкое

5. восток - дело тонкое

6. восток - дело тонкое

7. восток - дело тонкое

8.","['молчание', '', '', '', '', '', '', '', '', '', '', '', '', '', '', '', '', '', '', '', '', '', '', '', '', '', '', '', '', '', '', '', '', '', '', '', '', '', '', '', '', '', '', '', '', '', '', '', '', '', '', '', '', '', '', '', '', '', '', '', '', '', '', '', '', '', '', '', '', '', '', '', '', '', '', '', '', '', '', '', '', '', '', '', '', '', '', '', '', '', '', '', '', '', '', '', '', '', '', '']","['1.', 'восток', '-', 'дело', 'тонкое', '2.', 'восток', '-', 'дело', 'тонкое', '3.', 'восток', '-', 'дело', 'тонкое', '4.', 'восток', '-', 'дело', 'тонкое', '5.', 'восток', '-', 'дело', 'тонкое', '6.', 'восток', '-', 'дело', 'тонкое', '7.', 'восток', '-', 'дело', 'тонкое', '8', '.', '', '', '', '', '', '', '', '', '', '', '', '', '', '', '', '', '', '', '', '', '', '', '', '', '', '', '', '', '', '', '', '', '', '', '', '', '', '', '', '', '', '', '', '', '', '', '', '', '', '', '', '', '', '', '', '', '', '', '', '', '', '', '']",0.0,0
"По одной из версий, начало названия ЭТОЙ ОРГАНИЗАЦИИ происходит от греческого слова, обозначающего круг.","Вы участвуете в викторине ""Что? Где? Когда?"". Внимательно прочитайте вопрос из категории ""Кланы"" и ответьте на него. Обратите внимание на формат ответа: если он не указан в вопросе, то запишите только слово или фразу, отвечающую на вопрос, никаких дополнительных рассуждений приводить не нужно.
Вопрос: По одной из версий, начало названия ЭТОЙ ОРГАНИЗАЦИИ происходит от греческого слова, обозначающего круг.
Ответ: ","ку-клукс-клан (греч. ""киклос"")","1. В 1990-х годах, когда в стране начали появляться первые экологические движения, в качестве названия организации была выбрана словосочетание ""Экологическая организация"" (ECO).
2. В 2000-х годах, когда в стране начали появляться первые движения за защиту окружающей среды, в качестве названия организации была","1. в 1990-х годах, когда в стране начали появляться первые экологические движения, в качестве названия организации была выбрана словосочетание ""экологическая организация"" (eco).
2. в 2000-х годах, когда в стране начали появляться первые движения за защиту окружающей среды, в качестве названия организации была","['ку-клукс-клан', '(', 'греч', '.', '``', 'киклос', ""''"", ')', '', '', '', '', '', '', '', '', '', '', '', '', '', '', '', '', '', '', '', '', '', '', '', '', '', '', '', '', '', '', '', '', '', '', '', '', '', '', '', '', '', '', '', '', '', '', '', '', '', '', '', '', '', '', '', '', '', '', '', '', '', '', '', '', '', '', '', '', '', '', '', '', '', '', '', '', '', '', '', '', '', '', '', '', '', '', '', '', '', '', '', '']","['1.', 'в', '1990-х', 'годах', ',', 'когда', 'в', 'стране', 'начали', 'появляться', 'первые', 'экологические', 'движения', ',', 'в', 'качестве', 'названия', 'организации', 'была', 'выбрана', 'словосочетание', '``', 'экологическая', 'организация', ""''"", '(', 'eco', ')', '.', '2.', 'в', '2000-х', 'годах', ',', 'когда', 'в', 'стране', 'начали', 'появляться', 'первые', 'движения', 'за', 'защиту', 'окружающей', 'среды', ',', 'в', 'качестве', 'названия', 'организации', 'была', '', '', '', '', '', '', '', '', '', '', '', '', '', '', '', '', '', '', '', '', '', '', '', '', '', '', '', '', '', '', '', '', '', '', '', '', '', '', '', '', '', '', '', '', '', '', '', '', '']",0.0,0
"По одной из версий, начало названия ЭТОЙ ОРГАНИЗАЦИИ происходит от греческого слова, обозначающего круг.","Прочитайте вопрос из категории ""Кланы"" и ответьте на него: По одной из версий, начало названия ЭТОЙ ОРГАНИЗАЦИИ происходит от греческого слова, обозначающего круг.
Ответ: ","ку-клукс-клан (греч. ""киклос"")",1. The organization is named after the Greek word for circle.,1. the organization is named after the greek word for circle.,"['ку-клукс-клан', '(', 'греч', '.', '``', 'киклос', ""''"", ')', '', '', '', '', '', '', '', '', '', '', '', '', '', '', '', '', '', '', '', '', '', '', '', '', '', '', '', '', '', '', '', '', '', '', '', '', '', '', '', '', '', '', '', '', '', '', '', '', '', '', '', '', '', '', '', '', '', '', '', '', '', '', '', '', '', '', '', '', '', '', '', '', '', '', '', '', '', '', '', '', '', '', '', '', '', '', '', '', '', '', '', '']","['1.', 'the', 'organization', 'is', 'named', 'after', 'the', 'greek', 'word', 'for', 'circle', '.', '', '', '', '', '', '', '', '', '', '', '', '', '', '', '', '', '', '', '', '', '', '', '', '', '', '', '', '', '', '', '', '', '', '', '', '', '', '', '', '', '', '', '', '', '', '', '', '', '', '', '', '', '', '', '', '', '', '', '', '', '', '', '', '', '', '', '', '', '', '', '', '', '', '', '', '', '', '', '', '', '', '', '', '', '', '', '', '']",0.0,0
"По одной из версий, начало названия ЭТОЙ ОРГАНИЗАЦИИ происходит от греческого слова, обозначающего круг.","Вы участвуете в викторине ""Что? Где? Когда?"". Внимательно прочитайте вопрос из категории ""Кланы"" и ответьте на него. Обратите внимание на формат ответа: если он не указан в вопросе, то запишите только слово или фразу, отвечающую на вопрос, никаких дополнительных рассуждений приводить не нужно.
Вопрос: По одной из версий, начало названия ЭТОЙ ОРГАНИЗАЦИИ происходит от греческого слова, обозначающего круг.
Ответ: ","ку-клукс-клан (греч. ""киклос"")","1. В 1990-х годах, когда в стране начали появляться первые экологические движения, в качестве названия организации была выбрана словосочетание ""Экологическая организация"" (ECO).
2. В 2000-х годах, когда в стране начали появляться первые движения за защиту окружающей среды, в качестве названия организации была","1. в 1990-х годах, когда в стране начали появляться первые экологические движения, в качестве названия организации была выбрана словосочетание ""экологическая организация"" (eco).
2. в 2000-х годах, когда в стране начали появляться первые движения за защиту окружающей среды, в качестве названия организации была","['ку-клукс-клан', '(', 'греч', '.', '``', 'киклос', ""''"", ')', '', '', '', '', '', '', '', '', '', '', '', '', '', '', '', '', '', '', '', '', '', '', '', '', '', '', '', '', '', '', '', '', '', '', '', '', '', '', '', '', '', '', '', '', '', '', '', '', '', '', '', '', '', '', '', '', '', '', '', '', '', '', '', '', '', '', '', '', '', '', '', '', '', '', '', '', '', '', '', '', '', '', '', '', '', '', '', '', '', '', '', '']","['1.', 'в', '1990-х', 'годах', ',', 'когда', 'в', 'стране', 'начали', 'появляться', 'первые', 'экологические', 'движения', ',', 'в', 'качестве', 'названия', 'организации', 'была', 'выбрана', 'словосочетание', '``', 'экологическая', 'организация', ""''"", '(', 'eco', ')', '.', '2.', 'в', '2000-х', 'годах', ',', 'когда', 'в', 'стране', 'начали', 'появляться', 'первые', 'движения', 'за', 'защиту', 'окружающей', 'среды', ',', 'в', 'качестве', 'названия', 'организации', 'была', '', '', '', '', '', '', '', '', '', '', '', '', '', '', '', '', '', '', '', '', '', '', '', '', '', '', '', '', '', '', '', '', '', '', '', '', '', '', '', '', '', '', '', '', '', '', '', '', '']",0.0,0
"По одной из версий, начало названия ЭТОЙ ОРГАНИЗАЦИИ происходит от греческого слова, обозначающего круг.","Вы участвуете в викторине ""Что? Где? Когда?"". Прочитайте внимательно вопрос из категории ""Кланы"" и дайте точный ответ. Вопрос: По одной из версий, начало названия ЭТОЙ ОРГАНИЗАЦИИ происходит от греческого слова, обозначающего круг.
Ответ: ","ку-клукс-клан (греч. ""киклос"")","1. ""What is the name of this organization that comes from the Greek word for circle?""
2. ""What is the name of this organization that comes from the Greek word for circle?""
3. ""What is the name of this organization that comes from the Greek word for circle?""
4. ""What is the name of this organization that comes from the Greek word for circle?""
5. ""What is the name of this organization that comes from the Greek word for circle?""
","1. ""what is the name of this organization that comes from the greek word for circle?""
2. ""what is the name of this organization that comes from the greek word for circle?""
3. ""what is the name of this organization that comes from the greek word for circle?""
4. ""what is the name of this organization that comes from the greek word for circle?""
5. ""what is the name of this organization that comes from the greek word for circle?""
","['ку-клукс-клан', '(', 'греч', '.', '``', 'киклос', ""''"", ')', '', '', '', '', '', '', '', '', '', '', '', '', '', '', '', '', '', '', '', '', '', '', '', '', '', '', '', '', '', '', '', '', '', '', '', '', '', '', '', '', '', '', '', '', '', '', '', '', '', '', '', '', '', '', '', '', '', '', '', '', '', '', '', '', '', '', '', '', '', '', '', '', '', '', '', '', '', '', '', '', '', '', '', '', '', '', '', '', '', '', '', '']","['1', '.', '``', 'what', 'is', 'the', 'name', 'of', 'this', 'organization', 'that', 'comes', 'from', 'the', 'greek', 'word', 'for', 'circle', '?', ""''"", '2', '.', '``', 'what', 'is', 'the', 'name', 'of', 'this', 'organization', 'that', 'comes', 'from', 'the', 'greek', 'word', 'for', 'circle', '?', ""''"", '3', '.', '``', 'what', 'is', 'the', 'name', 'of', 'this', 'organization', 'that', 'comes', 'from', 'the', 'greek', 'word', 'for', 'circle', '?', ""''"", '4', '.', '``', 'what', 'is', 'the', 'name', 'of', 'this', 'organization', 'that', 'comes', 'from', 'the', 'greek', 'word', 'for', 'circle', '?', ""''"", '5', '.', '``', 'what', 'is', 'the', 'name', 'of', 'this', 'organization', 'that', 'comes', 'from', 'the', 'greek', 'word', 'for', 'circle', '?', ""''""]",0.0,0
"По одной из версий, начало названия ЭТОЙ ОРГАНИЗАЦИИ происходит от греческого слова, обозначающего круг.","Угадайте, в какой категории из ""Что? Где? Когда?"" относится следующий вопрос: ""По одной из версий, начало названия ЭТОЙ ОРГАНИЗАЦИИ происходит от греческого слова, обозначающего круг."". Ваш ответ: Кланы
Ответ: ","ку-клукс-клан (греч. ""киклос"")",1. Кланы,1. кланы,"['ку-клукс-клан', '(', 'греч', '.', '``', 'киклос', ""''"", ')', '', '', '', '', '', '', '', '', '', '', '', '', '', '', '', '', '', '', '', '', '', '', '', '', '', '', '', '', '', '', '', '', '', '', '', '', '', '', '', '', '', '', '', '', '', '', '', '', '', '', '', '', '', '', '', '', '', '', '', '', '', '', '', '', '', '', '', '', '', '', '', '', '', '', '', '', '', '', '', '', '', '', '', '', '', '', '', '', '', '', '', '']","['1.', 'кланы', '', '', '', '', '', '', '', '', '', '', '', '', '', '', '', '', '', '', '', '', '', '', '', '', '', '', '', '', '', '', '', '', '', '', '', '', '', '', '', '', '', '', '', '', '', '', '', '', '', '', '', '', '', '', '', '', '', '', '', '', '', '', '', '', '', '', '', '', '', '', '', '', '', '', '', '', '', '', '', '', '', '', '', '', '', '', '', '', '', '', '', '', '', '', '', '', '', '']",0.0,0
На девятерной вистуют только эти 2 категории людей,"Вы участвуете в викторине ""Что? Где? Когда?"". Внимательно прочитайте вопрос из категории ""Нет хода - не вистуй!"" и ответьте на него. Обратите внимание на формат ответа: если он не указан в вопросе, то запишите только слово или фразу, отвечающую на вопрос, никаких дополнительных рассуждений приводить не нужно.
Вопрос: На девятерной вистуют только эти 2 категории людей
Ответ: ","попы и студенты (попы от жадности, а студенты — от бедности :-))","1. В какой из категорий людей на девятерной висту вы выбираете?
2. В какой из категорий людей вы выбираете?
3. В какой из категорий людей вы выбираете?
4. В какой из категорий людей вы выбираете?
5. В какой из категорий людей вы выбираете?
6. В какой из катего","1. в какой из категорий людей на девятерной висту вы выбираете?
2. в какой из категорий людей вы выбираете?
3. в какой из категорий людей вы выбираете?
4. в какой из категорий людей вы выбираете?
5. в какой из категорий людей вы выбираете?
6. в какой из катего","['попы', 'и', 'студенты', '(', 'попы', 'от', 'жадности', ',', 'а', 'студенты', '—', 'от', 'бедности', ':', '-', ')', ')', '', '', '', '', '', '', '', '', '', '', '', '', '', '', '', '', '', '', '', '', '', '', '', '', '', '', '', '', '', '', '', '', '', '', '', '', '', '', '', '', '', '', '', '', '', '', '', '', '', '', '', '', '', '', '', '', '', '', '', '', '', '', '', '', '', '', '', '', '', '', '', '', '', '', '', '', '', '', '', '', '', '', '']","['1.', 'в', 'какой', 'из', 'категорий', 'людей', 'на', 'девятерной', 'висту', 'вы', 'выбираете', '?', '2.', 'в', 'какой', 'из', 'категорий', 'людей', 'вы', 'выбираете', '?', '3.', 'в', 'какой', 'из', 'категорий', 'людей', 'вы', 'выбираете', '?', '4.', 'в', 'какой', 'из', 'категорий', 'людей', 'вы', 'выбираете', '?', '5.', 'в', 'какой', 'из', 'категорий', 'людей', 'вы', 'выбираете', '?', '6.', 'в', 'какой', 'из', 'катего', '', '', '', '', '', '', '', '', '', '', '', '', '', '', '', '', '', '', '', '', '', '', '', '', '', '', '', '', '', '', '', '', '', '', '', '', '', '', '', '', '', '', '', '', '', '', '']",0.0,0
На девятерной вистуют только эти 2 категории людей,"Прочитайте вопрос из категории ""Нет хода - не вистуй!"" и ответьте на него: На девятерной вистуют только эти 2 категории людей
Ответ: ","попы и студенты (попы от жадности, а студенты — от бедности :-))","1. ""Нет хода - не вистуй!"" - это не ошибка, а просто неверный ответ. 2. ""Нет хода - не вистуй!"" - это не ошибка, а просто неверный ответ. 3. ""Нет хода - не вистуй!"" - это не ошибка, а просто неверный ответ. 4. ""Нет хода - не ви","1. ""нет хода - не вистуй!"" - это не ошибка, а просто неверный ответ. 2. ""нет хода - не вистуй!"" - это не ошибка, а просто неверный ответ. 3. ""нет хода - не вистуй!"" - это не ошибка, а просто неверный ответ. 4. ""нет хода - не ви","['попы', 'и', 'студенты', '(', 'попы', 'от', 'жадности', ',', 'а', 'студенты', '—', 'от', 'бедности', ':', '-', ')', ')', '', '', '', '', '', '', '', '', '', '', '', '', '', '', '', '', '', '', '', '', '', '', '', '', '', '', '', '', '', '', '', '', '', '', '', '', '', '', '', '', '', '', '', '', '', '', '', '', '', '', '', '', '', '', '', '', '', '', '', '', '', '', '', '', '', '', '', '', '', '', '', '', '', '', '', '', '', '', '', '', '', '', '']","['1', '.', '``', 'нет', 'хода', '-', 'не', 'вистуй', '!', ""''"", '-', 'это', 'не', 'ошибка', ',', 'а', 'просто', 'неверный', 'ответ', '.', '2', '.', '``', 'нет', 'хода', '-', 'не', 'вистуй', '!', ""''"", '-', 'это', 'не', 'ошибка', ',', 'а', 'просто', 'неверный', 'ответ', '.', '3', '.', '``', 'нет', 'хода', '-', 'не', 'вистуй', '!', ""''"", '-', 'это', 'не', 'ошибка', ',', 'а', 'просто', 'неверный', 'ответ', '.', '4', '.', '``', 'нет', 'хода', '-', 'не', 'ви', '', '', '', '', '', '', '', '', '', '', '', '', '', '', '', '', '', '', '', '', '', '', '', '', '', '', '', '', '', '', '', '']",0.038461538461538464,0
На девятерной вистуют только эти 2 категории людей,"Вы участвуете в викторине ""Что? Где? Когда?"". Внимательно прочитайте вопрос из категории ""Нет хода - не вистуй!"" и ответьте на него. Обратите внимание на формат ответа: если он не указан в вопросе, то запишите только слово или фразу, отвечающую на вопрос, никаких дополнительных рассуждений приводить не нужно.
Вопрос: На девятерной вистуют только эти 2 категории людей
Ответ: ","попы и студенты (попы от жадности, а студенты — от бедности :-))","1. В какой из категорий людей на девятерной висту вы выбираете?
2. В какой из категорий людей вы выбираете?
3. В какой из категорий людей вы выбираете?
4. В какой из категорий людей вы выбираете?
5. В какой из категорий людей вы выбираете?
6. В какой из катего","1. в какой из категорий людей на девятерной висту вы выбираете?
2. в какой из категорий людей вы выбираете?
3. в какой из категорий людей вы выбираете?
4. в какой из категорий людей вы выбираете?
5. в какой из категорий людей вы выбираете?
6. в какой из катего","['попы', 'и', 'студенты', '(', 'попы', 'от', 'жадности', ',', 'а', 'студенты', '—', 'от', 'бедности', ':', '-', ')', ')', '', '', '', '', '', '', '', '', '', '', '', '', '', '', '', '', '', '', '', '', '', '', '', '', '', '', '', '', '', '', '', '', '', '', '', '', '', '', '', '', '', '', '', '', '', '', '', '', '', '', '', '', '', '', '', '', '', '', '', '', '', '', '', '', '', '', '', '', '', '', '', '', '', '', '', '', '', '', '', '', '', '', '']","['1.', 'в', 'какой', 'из', 'категорий', 'людей', 'на', 'девятерной', 'висту', 'вы', 'выбираете', '?', '2.', 'в', 'какой', 'из', 'категорий', 'людей', 'вы', 'выбираете', '?', '3.', 'в', 'какой', 'из', 'категорий', 'людей', 'вы', 'выбираете', '?', '4.', 'в', 'какой', 'из', 'категорий', 'людей', 'вы', 'выбираете', '?', '5.', 'в', 'какой', 'из', 'категорий', 'людей', 'вы', 'выбираете', '?', '6.', 'в', 'какой', 'из', 'катего', '', '', '', '', '', '', '', '', '', '', '', '', '', '', '', '', '', '', '', '', '', '', '', '', '', '', '', '', '', '', '', '', '', '', '', '', '', '', '', '', '', '', '', '', '', '', '']",0.0,0
На девятерной вистуют только эти 2 категории людей,"Вы участвуете в викторине ""Что? Где? Когда?"". Прочитайте внимательно вопрос из категории ""Нет хода - не вистуй!"" и дайте точный ответ. Вопрос: На девятерной вистуют только эти 2 категории людей
Ответ: ","попы и студенты (попы от жадности, а студенты — от бедности :-))","1. ""Что"" - это все, что происходит в жизни. 2. ""Где"" - это место, где происходит это. 3. ""Когда"" - это время, когда происходит это. 4. ""Что"" - это все, что происходит в жизни. 5. ""Где"" - это место, где происходит это. 6. ""Когда"" - это время, когда происходит это. 7.","1. ""что"" - это все, что происходит в жизни. 2. ""где"" - это место, где происходит это. 3. ""когда"" - это время, когда происходит это. 4. ""что"" - это все, что происходит в жизни. 5. ""где"" - это место, где происходит это. 6. ""когда"" - это время, когда происходит это. 7.","['попы', 'и', 'студенты', '(', 'попы', 'от', 'жадности', ',', 'а', 'студенты', '—', 'от', 'бедности', ':', '-', ')', ')', '', '', '', '', '', '', '', '', '', '', '', '', '', '', '', '', '', '', '', '', '', '', '', '', '', '', '', '', '', '', '', '', '', '', '', '', '', '', '', '', '', '', '', '', '', '', '', '', '', '', '', '', '', '', '', '', '', '', '', '', '', '', '', '', '', '', '', '', '', '', '', '', '', '', '', '', '', '', '', '', '', '', '']","['1', '.', '``', 'что', ""''"", '-', 'это', 'все', ',', 'что', 'происходит', 'в', 'жизни', '.', '2', '.', '``', 'где', ""''"", '-', 'это', 'место', ',', 'где', 'происходит', 'это', '.', '3', '.', '``', 'когда', ""''"", '-', 'это', 'время', ',', 'когда', 'происходит', 'это', '.', '4', '.', '``', 'что', ""''"", '-', 'это', 'все', ',', 'что', 'происходит', 'в', 'жизни', '.', '5', '.', '``', 'где', ""''"", '-', 'это', 'место', ',', 'где', 'происходит', 'это', '.', '6', '.', '``', 'когда', ""''"", '-', 'это', 'время', ',', 'когда', 'происходит', 'это', '.', '7', '.', '', '', '', '', '', '', '', '', '', '', '', '', '', '', '', '', '', '']",0.0,0
На девятерной вистуют только эти 2 категории людей,"Угадайте, в какой категории из ""Что? Где? Когда?"" относится следующий вопрос: ""На девятерной вистуют только эти 2 категории людей"". Ваш ответ: Нет хода - не вистуй!
Ответ: ","попы и студенты (попы от жадности, а студенты — от бедности :-))",2 категории людей не вистуют на девятерной висте.,2 категории людей не вистуют на девятерной висте.,"['попы', 'и', 'студенты', '(', 'попы', 'от', 'жадности', ',', 'а', 'студенты', '—', 'от', 'бедности', ':', '-', ')', ')', '', '', '', '', '', '', '', '', '', '', '', '', '', '', '', '', '', '', '', '', '', '', '', '', '', '', '', '', '', '', '', '', '', '', '', '', '', '', '', '', '', '', '', '', '', '', '', '', '', '', '', '', '', '', '', '', '', '', '', '', '', '', '', '', '', '', '', '', '', '', '', '', '', '', '', '', '', '', '', '', '', '', '']","['2', 'категории', 'людей', 'не', 'вистуют', 'на', 'девятерной', 'висте', '.', '', '', '', '', '', '', '', '', '', '', '', '', '', '', '', '', '', '', '', '', '', '', '', '', '', '', '', '', '', '', '', '', '', '', '', '', '', '', '', '', '', '', '', '', '', '', '', '', '', '', '', '', '', '', '', '', '', '', '', '', '', '', '', '', '', '', '', '', '', '', '', '', '', '', '', '', '', '', '', '', '', '', '', '', '', '', '', '', '', '', '']",0.0,0
"Эпиграф к книге ""Корпорация М.И.Ф."" Асприна звучит так: ""Главное — не злоупотреблять..."". Чем?","Вы участвуете в викторине ""Что? Где? Когда?"". Внимательно прочитайте вопрос из категории ""Миф"" и ответьте на него. Обратите внимание на формат ответа: если он не указан в вопросе, то запишите только слово или фразу, отвечающую на вопрос, никаких дополнительных рассуждений приводить не нужно.
Вопрос: Эпиграф к книге ""Корпорация М.И.Ф."" Асприна звучит так: ""Главное — не злоупотреблять..."". Чем?
Ответ: ",эпиграфами,"1. Главное — не злоупотреблять.
2. Злоупотреблять — это злоупотребление.
3. Главное — не злоупотреблять.
4. Злоупотреблять — это злоупотребление.
5. Главное — не злоупотреблять.
6. Злоупотреблять","1. главное — не злоупотреблять.
2. злоупотреблять — это злоупотребление.
3. главное — не злоупотреблять.
4. злоупотреблять — это злоупотребление.
5. главное — не злоупотреблять.
6. злоупотреблять","['эпиграфами', '', '', '', '', '', '', '', '', '', '', '', '', '', '', '', '', '', '', '', '', '', '', '', '', '', '', '', '', '', '', '', '', '', '', '', '', '', '', '', '', '', '', '', '', '', '', '', '', '', '', '', '', '', '', '', '', '', '', '', '', '', '', '', '', '', '', '', '', '', '', '', '', '', '', '', '', '', '', '', '', '', '', '', '', '', '', '', '', '', '', '', '', '', '', '', '', '', '', '']","['1.', 'главное', '—', 'не', 'злоупотреблять', '.', '2.', 'злоупотреблять', '—', 'это', 'злоупотребление', '.', '3.', 'главное', '—', 'не', 'злоупотреблять', '.', '4.', 'злоупотреблять', '—', 'это', 'злоупотребление', '.', '5.', 'главное', '—', 'не', 'злоупотреблять', '.', '6.', 'злоупотреблять', '', '', '', '', '', '', '', '', '', '', '', '', '', '', '', '', '', '', '', '', '', '', '', '', '', '', '', '', '', '', '', '', '', '', '', '', '', '', '', '', '', '', '', '', '', '', '', '', '', '', '', '', '', '', '', '', '', '', '', '', '', '', '', '', '', '', '', '']",0.0,0
"Эпиграф к книге ""Корпорация М.И.Ф."" Асприна звучит так: ""Главное — не злоупотреблять..."". Чем?","Прочитайте вопрос из категории ""Миф"" и ответьте на него: Эпиграф к книге ""Корпорация М.И.Ф."" Асприна звучит так: ""Главное — не злоупотреблять..."". Чем?
Ответ: ",эпиграфами,"1. ""Главное — не злоупотреблять..."". Это абсолютно правильный вариант.
2. ""Главное — не злоупотреблять..."". Это неправильный вариант.
3. ""Главное — не злоупотреблять..."". Это неправильный вариант.
4. ""Главное — не злоупо","1. ""главное — не злоупотреблять..."". это абсолютно правильный вариант.
2. ""главное — не злоупотреблять..."". это неправильный вариант.
3. ""главное — не злоупотреблять..."". это неправильный вариант.
4. ""главное — не злоупо","['эпиграфами', '', '', '', '', '', '', '', '', '', '', '', '', '', '', '', '', '', '', '', '', '', '', '', '', '', '', '', '', '', '', '', '', '', '', '', '', '', '', '', '', '', '', '', '', '', '', '', '', '', '', '', '', '', '', '', '', '', '', '', '', '', '', '', '', '', '', '', '', '', '', '', '', '', '', '', '', '', '', '', '', '', '', '', '', '', '', '', '', '', '', '', '', '', '', '', '', '', '', '']","['1', '.', '``', 'главное', '—', 'не', 'злоупотреблять', '...', ""''"", '.', 'это', 'абсолютно', 'правильный', 'вариант', '.', '2', '.', '``', 'главное', '—', 'не', 'злоупотреблять', '...', ""''"", '.', 'это', 'неправильный', 'вариант', '.', '3', '.', '``', 'главное', '—', 'не', 'злоупотреблять', '...', ""''"", '.', 'это', 'неправильный', 'вариант', '.', '4', '.', '``', 'главное', '—', 'не', 'злоупо', '', '', '', '', '', '', '', '', '', '', '', '', '', '', '', '', '', '', '', '', '', '', '', '', '', '', '', '', '', '', '', '', '', '', '', '', '', '', '', '', '', '', '', '', '', '', '', '', '', '']",0.0,0
"Эпиграф к книге ""Корпорация М.И.Ф."" Асприна звучит так: ""Главное — не злоупотреблять..."". Чем?","Вы участвуете в викторине ""Что? Где? Когда?"". Внимательно прочитайте вопрос из категории ""Миф"" и ответьте на него. Обратите внимание на формат ответа: если он не указан в вопросе, то запишите только слово или фразу, отвечающую на вопрос, никаких дополнительных рассуждений приводить не нужно.
Вопрос: Эпиграф к книге ""Корпорация М.И.Ф."" Асприна звучит так: ""Главное — не злоупотреблять..."". Чем?
Ответ: ",эпиграфами,"1. Главное — не злоупотреблять.
2. Злоупотреблять — это злоупотребление.
3. Главное — не злоупотреблять.
4. Злоупотреблять — это злоупотребление.
5. Главное — не злоупотреблять.
6. Злоупотреблять","1. главное — не злоупотреблять.
2. злоупотреблять — это злоупотребление.
3. главное — не злоупотреблять.
4. злоупотреблять — это злоупотребление.
5. главное — не злоупотреблять.
6. злоупотреблять","['эпиграфами', '', '', '', '', '', '', '', '', '', '', '', '', '', '', '', '', '', '', '', '', '', '', '', '', '', '', '', '', '', '', '', '', '', '', '', '', '', '', '', '', '', '', '', '', '', '', '', '', '', '', '', '', '', '', '', '', '', '', '', '', '', '', '', '', '', '', '', '', '', '', '', '', '', '', '', '', '', '', '', '', '', '', '', '', '', '', '', '', '', '', '', '', '', '', '', '', '', '', '']","['1.', 'главное', '—', 'не', 'злоупотреблять', '.', '2.', 'злоупотреблять', '—', 'это', 'злоупотребление', '.', '3.', 'главное', '—', 'не', 'злоупотреблять', '.', '4.', 'злоупотреблять', '—', 'это', 'злоупотребление', '.', '5.', 'главное', '—', 'не', 'злоупотреблять', '.', '6.', 'злоупотреблять', '', '', '', '', '', '', '', '', '', '', '', '', '', '', '', '', '', '', '', '', '', '', '', '', '', '', '', '', '', '', '', '', '', '', '', '', '', '', '', '', '', '', '', '', '', '', '', '', '', '', '', '', '', '', '', '', '', '', '', '', '', '', '', '', '', '', '', '']",0.0,0
"Эпиграф к книге ""Корпорация М.И.Ф."" Асприна звучит так: ""Главное — не злоупотреблять..."". Чем?","Вы участвуете в викторине ""Что? Где? Когда?"". Прочитайте внимательно вопрос из категории ""Миф"" и дайте точный ответ. Вопрос: Эпиграф к книге ""Корпорация М.И.Ф."" Асприна звучит так: ""Главное — не злоупотреблять..."". Чем?
Ответ: ",эпиграфами,"1. Главное — не злоупотреблять.
2. Злоупотреблять — это злоупотребление.
3. Главное — не злоупотреблять.
4. Злоупотреблять — это злоупотребление.
5. Главное — не злоупотреблять.
6. Злоупотреблять","1. главное — не злоупотреблять.
2. злоупотреблять — это злоупотребление.
3. главное — не злоупотреблять.
4. злоупотреблять — это злоупотребление.
5. главное — не злоупотреблять.
6. злоупотреблять","['эпиграфами', '', '', '', '', '', '', '', '', '', '', '', '', '', '', '', '', '', '', '', '', '', '', '', '', '', '', '', '', '', '', '', '', '', '', '', '', '', '', '', '', '', '', '', '', '', '', '', '', '', '', '', '', '', '', '', '', '', '', '', '', '', '', '', '', '', '', '', '', '', '', '', '', '', '', '', '', '', '', '', '', '', '', '', '', '', '', '', '', '', '', '', '', '', '', '', '', '', '', '']","['1.', 'главное', '—', 'не', 'злоупотреблять', '.', '2.', 'злоупотреблять', '—', 'это', 'злоупотребление', '.', '3.', 'главное', '—', 'не', 'злоупотреблять', '.', '4.', 'злоупотреблять', '—', 'это', 'злоупотребление', '.', '5.', 'главное', '—', 'не', 'злоупотреблять', '.', '6.', 'злоупотреблять', '', '', '', '', '', '', '', '', '', '', '', '', '', '', '', '', '', '', '', '', '', '', '', '', '', '', '', '', '', '', '', '', '', '', '', '', '', '', '', '', '', '', '', '', '', '', '', '', '', '', '', '', '', '', '', '', '', '', '', '', '', '', '', '', '', '', '', '']",0.0,0
"Эпиграф к книге ""Корпорация М.И.Ф."" Асприна звучит так: ""Главное — не злоупотреблять..."". Чем?","Угадайте, в какой категории из ""Что? Где? Когда?"" относится следующий вопрос: ""Эпиграф к книге ""Корпорация М.И.Ф."" Асприна звучит так: ""Главное — не злоупотреблять..."". Чем?"". Ваш ответ: Миф
Ответ: ",эпиграфами,"1. Главное — не злоупотреблять...

2. Чем?
Ответ: 2. Главное — не злоупотреблять...

3. Чем?
Ответ: 3. Главное — не злоупотреблять...

4. Чем?
Ответ: 4. Главное — не злоупотреблять...

5.","1. главное — не злоупотреблять...

2. чем?
ответ: 2. главное — не злоупотреблять...

3. чем?
ответ: 3. главное — не злоупотреблять...

4. чем?
ответ: 4. главное — не злоупотреблять...

5.","['эпиграфами', '', '', '', '', '', '', '', '', '', '', '', '', '', '', '', '', '', '', '', '', '', '', '', '', '', '', '', '', '', '', '', '', '', '', '', '', '', '', '', '', '', '', '', '', '', '', '', '', '', '', '', '', '', '', '', '', '', '', '', '', '', '', '', '', '', '', '', '', '', '', '', '', '', '', '', '', '', '', '', '', '', '', '', '', '', '', '', '', '', '', '', '', '', '', '', '', '', '', '']","['1.', 'главное', '—', 'не', 'злоупотреблять', '...', '2.', 'чем', '?', 'ответ', ':', '2.', 'главное', '—', 'не', 'злоупотреблять', '...', '3.', 'чем', '?', 'ответ', ':', '3.', 'главное', '—', 'не', 'злоупотреблять', '...', '4.', 'чем', '?', 'ответ', ':', '4.', 'главное', '—', 'не', 'злоупотреблять', '...', '5', '.', '', '', '', '', '', '', '', '', '', '', '', '', '', '', '', '', '', '', '', '', '', '', '', '', '', '', '', '', '', '', '', '', '', '', '', '', '', '', '', '', '', '', '', '', '', '', '', '', '', '', '', '', '', '', '', '', '', '', '']",0.0,0
"Кроме известных исторических полотен, ЕГО кисти принадлежат росписи ""первой версии"" Храма Христа Спасителя.","Вы участвуете в викторине ""Что? Где? Когда?"". Внимательно прочитайте вопрос из категории ""-УРИ-."" и ответьте на него. Обратите внимание на формат ответа: если он не указан в вопросе, то запишите только слово или фразу, отвечающую на вопрос, никаких дополнительных рассуждений приводить не нужно.
Вопрос: Кроме известных исторических полотен, ЕГО кисти принадлежат росписи ""первой версии"" Храма Христа Спасителя.
Ответ: ",василий суриков,"1. ""Первая версия"" Храма Христа Спасителя - это роспись, которая была сделана в 1986 году.
2. ""Кроме известных исторических полотен"" - это некорректный ответ. В вопросе указаны известные исторические полотна, а не ""которые"" известны.
3. ЕГО кисти принадлежат - это","1. ""первая версия"" храма христа спасителя - это роспись, которая была сделана в 1986 году.
2. ""кроме известных исторических полотен"" - это некорректный ответ. в вопросе указаны известные исторические полотна, а не ""которые"" известны.
3. его кисти принадлежат - это","['василий', 'суриков', '', '', '', '', '', '', '', '', '', '', '', '', '', '', '', '', '', '', '', '', '', '', '', '', '', '', '', '', '', '', '', '', '', '', '', '', '', '', '', '', '', '', '', '', '', '', '', '', '', '', '', '', '', '', '', '', '', '', '', '', '', '', '', '', '', '', '', '', '', '', '', '', '', '', '', '', '', '', '', '', '', '', '', '', '', '', '', '', '', '', '', '', '', '', '', '', '', '']","['1', '.', '``', 'первая', 'версия', ""''"", 'храма', 'христа', 'спасителя', '-', 'это', 'роспись', ',', 'которая', 'была', 'сделана', 'в', '1986', 'году', '.', '2', '.', '``', 'кроме', 'известных', 'исторических', 'полотен', ""''"", '-', 'это', 'некорректный', 'ответ', '.', 'в', 'вопросе', 'указаны', 'известные', 'исторические', 'полотна', ',', 'а', 'не', '``', 'которые', ""''"", 'известны', '.', '3.', 'его', 'кисти', 'принадлежат', '-', 'это', '', '', '', '', '', '', '', '', '', '', '', '', '', '', '', '', '', '', '', '', '', '', '', '', '', '', '', '', '', '', '', '', '', '', '', '', '', '', '', '', '', '', '', '', '', '', '']",0.0,0
"Кроме известных исторических полотен, ЕГО кисти принадлежат росписи ""первой версии"" Храма Христа Спасителя.","Прочитайте вопрос из категории ""-УРИ-."" и ответьте на него: Кроме известных исторических полотен, ЕГО кисти принадлежат росписи ""первой версии"" Храма Христа Спасителя.
Ответ: ",василий суриков,"1. ""Первая версия"" Храма Христа Спасителя - это неизвестная и неизвестная.
2. ЕГО кисти принадлежат росписи ""первой версии"" Храма Христа Спасителя - это неизвестная и неизвестная.
3. ЕГО кисти принадлежат росписи ""первой версии"" Храма Христа С","1. ""первая версия"" храма христа спасителя - это неизвестная и неизвестная.
2. его кисти принадлежат росписи ""первой версии"" храма христа спасителя - это неизвестная и неизвестная.
3. его кисти принадлежат росписи ""первой версии"" храма христа с","['василий', 'суриков', '', '', '', '', '', '', '', '', '', '', '', '', '', '', '', '', '', '', '', '', '', '', '', '', '', '', '', '', '', '', '', '', '', '', '', '', '', '', '', '', '', '', '', '', '', '', '', '', '', '', '', '', '', '', '', '', '', '', '', '', '', '', '', '', '', '', '', '', '', '', '', '', '', '', '', '', '', '', '', '', '', '', '', '', '', '', '', '', '', '', '', '', '', '', '', '', '', '']","['1', '.', '``', 'первая', 'версия', ""''"", 'храма', 'христа', 'спасителя', '-', 'это', 'неизвестная', 'и', 'неизвестная', '.', '2.', 'его', 'кисти', 'принадлежат', 'росписи', '``', 'первой', 'версии', ""''"", 'храма', 'христа', 'спасителя', '-', 'это', 'неизвестная', 'и', 'неизвестная', '.', '3.', 'его', 'кисти', 'принадлежат', 'росписи', '``', 'первой', 'версии', ""''"", 'храма', 'христа', 'с', '', '', '', '', '', '', '', '', '', '', '', '', '', '', '', '', '', '', '', '', '', '', '', '', '', '', '', '', '', '', '', '', '', '', '', '', '', '', '', '', '', '', '', '', '', '', '', '', '', '', '', '', '', '', '']",0.0,0
"Кроме известных исторических полотен, ЕГО кисти принадлежат росписи ""первой версии"" Храма Христа Спасителя.","Вы участвуете в викторине ""Что? Где? Когда?"". Внимательно прочитайте вопрос из категории ""-УРИ-."" и ответьте на него. Обратите внимание на формат ответа: если он не указан в вопросе, то запишите только слово или фразу, отвечающую на вопрос, никаких дополнительных рассуждений приводить не нужно.
Вопрос: Кроме известных исторических полотен, ЕГО кисти принадлежат росписи ""первой версии"" Храма Христа Спасителя.
Ответ: ",василий суриков,"1. ""Первая версия"" Храма Христа Спасителя - это роспись, которая была сделана в 1986 году.
2. ""Кроме известных исторических полотен"" - это некорректный ответ. В вопросе указаны известные исторические полотна, а не ""которые"" известны.
3. ЕГО кисти принадлежат - это","1. ""первая версия"" храма христа спасителя - это роспись, которая была сделана в 1986 году.
2. ""кроме известных исторических полотен"" - это некорректный ответ. в вопросе указаны известные исторические полотна, а не ""которые"" известны.
3. его кисти принадлежат - это","['василий', 'суриков', '', '', '', '', '', '', '', '', '', '', '', '', '', '', '', '', '', '', '', '', '', '', '', '', '', '', '', '', '', '', '', '', '', '', '', '', '', '', '', '', '', '', '', '', '', '', '', '', '', '', '', '', '', '', '', '', '', '', '', '', '', '', '', '', '', '', '', '', '', '', '', '', '', '', '', '', '', '', '', '', '', '', '', '', '', '', '', '', '', '', '', '', '', '', '', '', '', '']","['1', '.', '``', 'первая', 'версия', ""''"", 'храма', 'христа', 'спасителя', '-', 'это', 'роспись', ',', 'которая', 'была', 'сделана', 'в', '1986', 'году', '.', '2', '.', '``', 'кроме', 'известных', 'исторических', 'полотен', ""''"", '-', 'это', 'некорректный', 'ответ', '.', 'в', 'вопросе', 'указаны', 'известные', 'исторические', 'полотна', ',', 'а', 'не', '``', 'которые', ""''"", 'известны', '.', '3.', 'его', 'кисти', 'принадлежат', '-', 'это', '', '', '', '', '', '', '', '', '', '', '', '', '', '', '', '', '', '', '', '', '', '', '', '', '', '', '', '', '', '', '', '', '', '', '', '', '', '', '', '', '', '', '', '', '', '', '']",0.0,0
"Кроме известных исторических полотен, ЕГО кисти принадлежат росписи ""первой версии"" Храма Христа Спасителя.","Вы участвуете в викторине ""Что? Где? Когда?"". Прочитайте внимательно вопрос из категории ""-УРИ-."" и дайте точный ответ. Вопрос: Кроме известных исторических полотен, ЕГО кисти принадлежат росписи ""первой версии"" Храма Христа Спасителя.
Ответ: ",василий суриков,"1. ""Первая версия"" Храма Христа Спасителя - это не историческая полотнище, а рисунок, на котором были написаны первые 1000-1500 фрагментов из 15000-18000 фрагментов, которые были написаны в период с 1907 по 1917 год.
2","1. ""первая версия"" храма христа спасителя - это не историческая полотнище, а рисунок, на котором были написаны первые 1000-1500 фрагментов из 15000-18000 фрагментов, которые были написаны в период с 1907 по 1917 год.
2","['василий', 'суриков', '', '', '', '', '', '', '', '', '', '', '', '', '', '', '', '', '', '', '', '', '', '', '', '', '', '', '', '', '', '', '', '', '', '', '', '', '', '', '', '', '', '', '', '', '', '', '', '', '', '', '', '', '', '', '', '', '', '', '', '', '', '', '', '', '', '', '', '', '', '', '', '', '', '', '', '', '', '', '', '', '', '', '', '', '', '', '', '', '', '', '', '', '', '', '', '', '', '']","['1', '.', '``', 'первая', 'версия', ""''"", 'храма', 'христа', 'спасителя', '-', 'это', 'не', 'историческая', 'полотнище', ',', 'а', 'рисунок', ',', 'на', 'котором', 'были', 'написаны', 'первые', '1000-1500', 'фрагментов', 'из', '15000-18000', 'фрагментов', ',', 'которые', 'были', 'написаны', 'в', 'период', 'с', '1907', 'по', '1917', 'год', '.', '2', '', '', '', '', '', '', '', '', '', '', '', '', '', '', '', '', '', '', '', '', '', '', '', '', '', '', '', '', '', '', '', '', '', '', '', '', '', '', '', '', '', '', '', '', '', '', '', '', '', '', '', '', '', '', '', '', '', '', '']",0.0,0
"Кроме известных исторических полотен, ЕГО кисти принадлежат росписи ""первой версии"" Храма Христа Спасителя.","Угадайте, в какой категории из ""Что? Где? Когда?"" относится следующий вопрос: ""Кроме известных исторических полотен, ЕГО кисти принадлежат росписи ""первой версии"" Храма Христа Спасителя."". Ваш ответ: -УРИ-.
Ответ: ",василий суриков,"1. ""Кроме известных исторических полотен, ЕГО кисти принадлежат росписи ""первой версии"" Храма Христа Спасителя.""","1. ""кроме известных исторических полотен, его кисти принадлежат росписи ""первой версии"" храма христа спасителя.""","['василий', 'суриков', '', '', '', '', '', '', '', '', '', '', '', '', '', '', '', '', '', '', '', '', '', '', '', '', '', '', '', '', '', '', '', '', '', '', '', '', '', '', '', '', '', '', '', '', '', '', '', '', '', '', '', '', '', '', '', '', '', '', '', '', '', '', '', '', '', '', '', '', '', '', '', '', '', '', '', '', '', '', '', '', '', '', '', '', '', '', '', '', '', '', '', '', '', '', '', '', '', '']","['1', '.', '``', 'кроме', 'известных', 'исторических', 'полотен', ',', 'его', 'кисти', 'принадлежат', 'росписи', '``', 'первой', 'версии', ""''"", 'храма', 'христа', 'спасителя', '.', ""''"", '', '', '', '', '', '', '', '', '', '', '', '', '', '', '', '', '', '', '', '', '', '', '', '', '', '', '', '', '', '', '', '', '', '', '', '', '', '', '', '', '', '', '', '', '', '', '', '', '', '', '', '', '', '', '', '', '', '', '', '', '', '', '', '', '', '', '', '', '', '', '', '', '', '', '', '', '', '', '']",0.0,0
Именно столько морей омывает берега Италии.,"Вы участвуете в викторине ""Что? Где? Когда?"". Внимательно прочитайте вопрос из категории ""Италия"" и ответьте на него. Обратите внимание на формат ответа: если он не указан в вопросе, то запишите только слово или фразу, отвечающую на вопрос, никаких дополнительных рассуждений приводить не нужно.
Вопрос: Именно столько морей омывает берега Италии.
Ответ: ","пять (ионическое, тирренское, лигурийское, адриатическое и средиземное)","1.1 миллиона км²

2. В какой стране находится столица Италии?
Ответ: В Италии стоит столица - Рим.

3. В каком городе находится столица Италии?
Ответ: В Италии стоит столица - Рим.

4. В каком городе находится столица Италии?
Ответ: В Италии стоит столи","1.1 миллиона км²

2. в какой стране находится столица италии?
ответ: в италии стоит столица - рим.

3. в каком городе находится столица италии?
ответ: в италии стоит столица - рим.

4. в каком городе находится столица италии?
ответ: в италии стоит столи","['пять', '(', 'ионическое', ',', 'тирренское', ',', 'лигурийское', ',', 'адриатическое', 'и', 'средиземное', ')', '', '', '', '', '', '', '', '', '', '', '', '', '', '', '', '', '', '', '', '', '', '', '', '', '', '', '', '', '', '', '', '', '', '', '', '', '', '', '', '', '', '', '', '', '', '', '', '', '', '', '', '', '', '', '', '', '', '', '', '', '', '', '', '', '', '', '', '', '', '', '', '', '', '', '', '', '', '', '', '', '', '', '', '', '', '', '', '']","['1.1', 'миллиона', 'км²', '2.', 'в', 'какой', 'стране', 'находится', 'столица', 'италии', '?', 'ответ', ':', 'в', 'италии', 'стоит', 'столица', '-', 'рим', '.', '3.', 'в', 'каком', 'городе', 'находится', 'столица', 'италии', '?', 'ответ', ':', 'в', 'италии', 'стоит', 'столица', '-', 'рим', '.', '4.', 'в', 'каком', 'городе', 'находится', 'столица', 'италии', '?', 'ответ', ':', 'в', 'италии', 'стоит', 'столи', '', '', '', '', '', '', '', '', '', '', '', '', '', '', '', '', '', '', '', '', '', '', '', '', '', '', '', '', '', '', '', '', '', '', '', '', '', '', '', '', '', '', '', '', '', '', '', '', '']",0.0,0
Именно столько морей омывает берега Италии.,"Прочитайте вопрос из категории ""Италия"" и ответьте на него: Именно столько морей омывает берега Италии.
Ответ: ","пять (ионическое, тирренское, лигурийское, адриатическое и средиземное)","1. The Mediterranean Sea is the largest body of water in the world.
2. The Mediterranean Sea is the only sea that is surrounded by three continents.
3. The Mediterranean Sea is the only sea that is surrounded by three countries.
4. The Mediterranean Sea is the only sea that is surrounded by three countries that are all members of the European Union.
5. The Mediterranean Sea is the only sea that is surrounded by three","1. the mediterranean sea is the largest body of water in the world.
2. the mediterranean sea is the only sea that is surrounded by three continents.
3. the mediterranean sea is the only sea that is surrounded by three countries.
4. the mediterranean sea is the only sea that is surrounded by three countries that are all members of the european union.
5. the mediterranean sea is the only sea that is surrounded by three","['пять', '(', 'ионическое', ',', 'тирренское', ',', 'лигурийское', ',', 'адриатическое', 'и', 'средиземное', ')', '', '', '', '', '', '', '', '', '', '', '', '', '', '', '', '', '', '', '', '', '', '', '', '', '', '', '', '', '', '', '', '', '', '', '', '', '', '', '', '', '', '', '', '', '', '', '', '', '', '', '', '', '', '', '', '', '', '', '', '', '', '', '', '', '', '', '', '', '', '', '', '', '', '', '', '', '', '', '', '', '', '', '', '', '', '', '', '']","['1.', 'the', 'mediterranean', 'sea', 'is', 'the', 'largest', 'body', 'of', 'water', 'in', 'the', 'world', '.', '2.', 'the', 'mediterranean', 'sea', 'is', 'the', 'only', 'sea', 'that', 'is', 'surrounded', 'by', 'three', 'continents', '.', '3.', 'the', 'mediterranean', 'sea', 'is', 'the', 'only', 'sea', 'that', 'is', 'surrounded', 'by', 'three', 'countries', '.', '4.', 'the', 'mediterranean', 'sea', 'is', 'the', 'only', 'sea', 'that', 'is', 'surrounded', 'by', 'three', 'countries', 'that', 'are', 'all', 'members', 'of', 'the', 'european', 'union', '.', '5.', 'the', 'mediterranean', 'sea', 'is', 'the', 'only', 'sea', 'that', 'is', 'surrounded', 'by', 'three', '', '', '', '', '', '', '', '', '', '', '', '', '', '', '', '', '', '', '', '']",0.0,0
Именно столько морей омывает берега Италии.,"Вы участвуете в викторине ""Что? Где? Когда?"". Внимательно прочитайте вопрос из категории ""Италия"" и ответьте на него. Обратите внимание на формат ответа: если он не указан в вопросе, то запишите только слово или фразу, отвечающую на вопрос, никаких дополнительных рассуждений приводить не нужно.
Вопрос: Именно столько морей омывает берега Италии.
Ответ: ","пять (ионическое, тирренское, лигурийское, адриатическое и средиземное)","1.1 миллиона км²

2. В какой стране находится столица Италии?
Ответ: В Италии стоит столица - Рим.

3. В каком городе находится столица Италии?
Ответ: В Италии стоит столица - Рим.

4. В каком городе находится столица Италии?
Ответ: В Италии стоит столи","1.1 миллиона км²

2. в какой стране находится столица италии?
ответ: в италии стоит столица - рим.

3. в каком городе находится столица италии?
ответ: в италии стоит столица - рим.

4. в каком городе находится столица италии?
ответ: в италии стоит столи","['пять', '(', 'ионическое', ',', 'тирренское', ',', 'лигурийское', ',', 'адриатическое', 'и', 'средиземное', ')', '', '', '', '', '', '', '', '', '', '', '', '', '', '', '', '', '', '', '', '', '', '', '', '', '', '', '', '', '', '', '', '', '', '', '', '', '', '', '', '', '', '', '', '', '', '', '', '', '', '', '', '', '', '', '', '', '', '', '', '', '', '', '', '', '', '', '', '', '', '', '', '', '', '', '', '', '', '', '', '', '', '', '', '', '', '', '', '']","['1.1', 'миллиона', 'км²', '2.', 'в', 'какой', 'стране', 'находится', 'столица', 'италии', '?', 'ответ', ':', 'в', 'италии', 'стоит', 'столица', '-', 'рим', '.', '3.', 'в', 'каком', 'городе', 'находится', 'столица', 'италии', '?', 'ответ', ':', 'в', 'италии', 'стоит', 'столица', '-', 'рим', '.', '4.', 'в', 'каком', 'городе', 'находится', 'столица', 'италии', '?', 'ответ', ':', 'в', 'италии', 'стоит', 'столи', '', '', '', '', '', '', '', '', '', '', '', '', '', '', '', '', '', '', '', '', '', '', '', '', '', '', '', '', '', '', '', '', '', '', '', '', '', '', '', '', '', '', '', '', '', '', '', '', '']",0.0,0
Именно столько морей омывает берега Италии.,"Вы участвуете в викторине ""Что? Где? Когда?"". Прочитайте внимательно вопрос из категории ""Италия"" и дайте точный ответ. Вопрос: Именно столько морей омывает берега Италии.
Ответ: ","пять (ионическое, тирренское, лигурийское, адриатическое и средиземное)",1000.,1000.,"['пять', '(', 'ионическое', ',', 'тирренское', ',', 'лигурийское', ',', 'адриатическое', 'и', 'средиземное', ')', '', '', '', '', '', '', '', '', '', '', '', '', '', '', '', '', '', '', '', '', '', '', '', '', '', '', '', '', '', '', '', '', '', '', '', '', '', '', '', '', '', '', '', '', '', '', '', '', '', '', '', '', '', '', '', '', '', '', '', '', '', '', '', '', '', '', '', '', '', '', '', '', '', '', '', '', '', '', '', '', '', '', '', '', '', '', '', '']","['1000', '.', '', '', '', '', '', '', '', '', '', '', '', '', '', '', '', '', '', '', '', '', '', '', '', '', '', '', '', '', '', '', '', '', '', '', '', '', '', '', '', '', '', '', '', '', '', '', '', '', '', '', '', '', '', '', '', '', '', '', '', '', '', '', '', '', '', '', '', '', '', '', '', '', '', '', '', '', '', '', '', '', '', '', '', '', '', '', '', '', '', '', '', '', '', '', '', '', '', '']",0.0,0
Именно столько морей омывает берега Италии.,"Угадайте, в какой категории из ""Что? Где? Когда?"" относится следующий вопрос: ""Именно столько морей омывает берега Италии."". Ваш ответ: Италия
Ответ: ","пять (ионическое, тирренское, лигурийское, адриатическое и средиземное)","1. ""Что?""
2. ""Где?""
3. ""Когда?""
4. ""Именно столько морей омывает берега Италии.""

Ваш ответ: 1. ""Что?""
2. ""Где?""
3. ""Когда?""
4. ""Именно столько морей омывает берега Италии.""","1. ""что?""
2. ""где?""
3. ""когда?""
4. ""именно столько морей омывает берега италии.""

ваш ответ: 1. ""что?""
2. ""где?""
3. ""когда?""
4. ""именно столько морей омывает берега италии.""","['пять', '(', 'ионическое', ',', 'тирренское', ',', 'лигурийское', ',', 'адриатическое', 'и', 'средиземное', ')', '', '', '', '', '', '', '', '', '', '', '', '', '', '', '', '', '', '', '', '', '', '', '', '', '', '', '', '', '', '', '', '', '', '', '', '', '', '', '', '', '', '', '', '', '', '', '', '', '', '', '', '', '', '', '', '', '', '', '', '', '', '', '', '', '', '', '', '', '', '', '', '', '', '', '', '', '', '', '', '', '', '', '', '', '', '', '', '']","['1', '.', '``', 'что', '?', ""''"", '2', '.', '``', 'где', '?', ""''"", '3', '.', '``', 'когда', '?', ""''"", '4', '.', '``', 'именно', 'столько', 'морей', 'омывает', 'берега', 'италии', '.', ""''"", 'ваш', 'ответ', ':', '1', '.', '``', 'что', '?', ""''"", '2', '.', '``', 'где', '?', ""''"", '3', '.', '``', 'когда', '?', ""''"", '4', '.', '``', 'именно', 'столько', 'морей', 'омывает', 'берега', 'италии', '.', ""''"", '', '', '', '', '', '', '', '', '', '', '', '', '', '', '', '', '', '', '', '', '', '', '', '', '', '', '', '', '', '', '', '', '', '', '', '', '', '', '']",0.0,0
"Именно ему Эразм Роттердамский посвятил свою книгу ""Похвала глупости"", а церковь канонизировала его в 1935 году, хотя он и написал книгу о ""месте, которого нет"".","Вы участвуете в викторине ""Что? Где? Когда?"". Внимательно прочитайте вопрос из категории ""ФИЛОСОФИЯ"" и ответьте на него. Обратите внимание на формат ответа: если он не указан в вопросе, то запишите только слово или фразу, отвечающую на вопрос, никаких дополнительных рассуждений приводить не нужно.
Вопрос: Именно ему Эразм Роттердамский посвятил свою книгу ""Похвала глупости"", а церковь канонизировала его в 1935 году, хотя он и написал книгу о ""месте, которого нет"".
Ответ: ","томас мор (""утопия"")","1. ""Похвала глупости"" - это книга Роттердамского, посвящённая глупости.
2. В 1935 году церковь канонизировала Роттердамского, хотя он написал книгу о ""месте, которого нет"".
3. ""Место, которого нет"" - это название книги Роттердамского.
4.","1. ""похвала глупости"" - это книга роттердамского, посвящённая глупости.
2. в 1935 году церковь канонизировала роттердамского, хотя он написал книгу о ""месте, которого нет"".
3. ""место, которого нет"" - это название книги роттердамского.
4.","['томас', 'мор', '(', '``', 'утопия', ""''"", ')', '', '', '', '', '', '', '', '', '', '', '', '', '', '', '', '', '', '', '', '', '', '', '', '', '', '', '', '', '', '', '', '', '', '', '', '', '', '', '', '', '', '', '', '', '', '', '', '', '', '', '', '', '', '', '', '', '', '', '', '', '', '', '', '', '', '', '', '', '', '', '', '', '', '', '', '', '', '', '', '', '', '', '', '', '', '', '', '', '', '', '', '', '']","['1', '.', '``', 'похвала', 'глупости', ""''"", '-', 'это', 'книга', 'роттердамского', ',', 'посвящённая', 'глупости', '.', '2.', 'в', '1935', 'году', 'церковь', 'канонизировала', 'роттердамского', ',', 'хотя', 'он', 'написал', 'книгу', 'о', '``', 'месте', ',', 'которого', 'нет', ""''"", '.', '3', '.', '``', 'место', ',', 'которого', 'нет', ""''"", '-', 'это', 'название', 'книги', 'роттердамского', '.', '4', '.', '', '', '', '', '', '', '', '', '', '', '', '', '', '', '', '', '', '', '', '', '', '', '', '', '', '', '', '', '', '', '', '', '', '', '', '', '', '', '', '', '', '', '', '', '', '', '', '', '', '']",0.0,0
"Именно ему Эразм Роттердамский посвятил свою книгу ""Похвала глупости"", а церковь канонизировала его в 1935 году, хотя он и написал книгу о ""месте, которого нет"".","Прочитайте вопрос из категории ""ФИЛОСОФИЯ"" и ответьте на него: Именно ему Эразм Роттердамский посвятил свою книгу ""Похвала глупости"", а церковь канонизировала его в 1935 году, хотя он и написал книгу о ""месте, которого нет"".
Ответ: ","томас мор (""утопия"")","1. Эразм Роттердамский посвятил свою книгу ""Похвала глупости"" своему другу, а не своему имени. 2. Церковь канонизировала его в 1935 году, хотя он написал книгу о ""месте, которого нет"". 3. Эразм Роттердамский написал книгу о ""месте, которого не","1. эразм роттердамский посвятил свою книгу ""похвала глупости"" своему другу, а не своему имени. 2. церковь канонизировала его в 1935 году, хотя он написал книгу о ""месте, которого нет"". 3. эразм роттердамский написал книгу о ""месте, которого не","['томас', 'мор', '(', '``', 'утопия', ""''"", ')', '', '', '', '', '', '', '', '', '', '', '', '', '', '', '', '', '', '', '', '', '', '', '', '', '', '', '', '', '', '', '', '', '', '', '', '', '', '', '', '', '', '', '', '', '', '', '', '', '', '', '', '', '', '', '', '', '', '', '', '', '', '', '', '', '', '', '', '', '', '', '', '', '', '', '', '', '', '', '', '', '', '', '', '', '', '', '', '', '', '', '', '', '']","['1.', 'эразм', 'роттердамский', 'посвятил', 'свою', 'книгу', '``', 'похвала', 'глупости', ""''"", 'своему', 'другу', ',', 'а', 'не', 'своему', 'имени', '.', '2.', 'церковь', 'канонизировала', 'его', 'в', '1935', 'году', ',', 'хотя', 'он', 'написал', 'книгу', 'о', '``', 'месте', ',', 'которого', 'нет', ""''"", '.', '3.', 'эразм', 'роттердамский', 'написал', 'книгу', 'о', '``', 'месте', ',', 'которого', 'не', '', '', '', '', '', '', '', '', '', '', '', '', '', '', '', '', '', '', '', '', '', '', '', '', '', '', '', '', '', '', '', '', '', '', '', '', '', '', '', '', '', '', '', '', '', '', '', '', '', '', '']",0.0,0
"Именно ему Эразм Роттердамский посвятил свою книгу ""Похвала глупости"", а церковь канонизировала его в 1935 году, хотя он и написал книгу о ""месте, которого нет"".","Вы участвуете в викторине ""Что? Где? Когда?"". Внимательно прочитайте вопрос из категории ""ФИЛОСОФИЯ"" и ответьте на него. Обратите внимание на формат ответа: если он не указан в вопросе, то запишите только слово или фразу, отвечающую на вопрос, никаких дополнительных рассуждений приводить не нужно.
Вопрос: Именно ему Эразм Роттердамский посвятил свою книгу ""Похвала глупости"", а церковь канонизировала его в 1935 году, хотя он и написал книгу о ""месте, которого нет"".
Ответ: ","томас мор (""утопия"")","1. ""Похвала глупости"" - это книга Роттердамского, посвящённая глупости.
2. В 1935 году церковь канонизировала Роттердамского, хотя он написал книгу о ""месте, которого нет"".
3. ""Место, которого нет"" - это название книги Роттердамского.
4.","1. ""похвала глупости"" - это книга роттердамского, посвящённая глупости.
2. в 1935 году церковь канонизировала роттердамского, хотя он написал книгу о ""месте, которого нет"".
3. ""место, которого нет"" - это название книги роттердамского.
4.","['томас', 'мор', '(', '``', 'утопия', ""''"", ')', '', '', '', '', '', '', '', '', '', '', '', '', '', '', '', '', '', '', '', '', '', '', '', '', '', '', '', '', '', '', '', '', '', '', '', '', '', '', '', '', '', '', '', '', '', '', '', '', '', '', '', '', '', '', '', '', '', '', '', '', '', '', '', '', '', '', '', '', '', '', '', '', '', '', '', '', '', '', '', '', '', '', '', '', '', '', '', '', '', '', '', '', '']","['1', '.', '``', 'похвала', 'глупости', ""''"", '-', 'это', 'книга', 'роттердамского', ',', 'посвящённая', 'глупости', '.', '2.', 'в', '1935', 'году', 'церковь', 'канонизировала', 'роттердамского', ',', 'хотя', 'он', 'написал', 'книгу', 'о', '``', 'месте', ',', 'которого', 'нет', ""''"", '.', '3', '.', '``', 'место', ',', 'которого', 'нет', ""''"", '-', 'это', 'название', 'книги', 'роттердамского', '.', '4', '.', '', '', '', '', '', '', '', '', '', '', '', '', '', '', '', '', '', '', '', '', '', '', '', '', '', '', '', '', '', '', '', '', '', '', '', '', '', '', '', '', '', '', '', '', '', '', '', '', '', '']",0.0,0
"Именно ему Эразм Роттердамский посвятил свою книгу ""Похвала глупости"", а церковь канонизировала его в 1935 году, хотя он и написал книгу о ""месте, которого нет"".","Вы участвуете в викторине ""Что? Где? Когда?"". Прочитайте внимательно вопрос из категории ""ФИЛОСОФИЯ"" и дайте точный ответ. Вопрос: Именно ему Эразм Роттердамский посвятил свою книгу ""Похвала глупости"", а церковь канонизировала его в 1935 году, хотя он и написал книгу о ""месте, которого нет"".
Ответ: ","томас мор (""утопия"")","1. ""Что"" - вопрос.
2. ""Где"" - ответ. В книге ""Похвала глупости"" Роттердамский пишет, что он жил в 1912 году в городе Энсхеде, но в 1913 году переехал в Энсхеде, где и жил до своей смерти в 1919 году.
3.","1. ""что"" - вопрос.
2. ""где"" - ответ. в книге ""похвала глупости"" роттердамский пишет, что он жил в 1912 году в городе энсхеде, но в 1913 году переехал в энсхеде, где и жил до своей смерти в 1919 году.
3.","['томас', 'мор', '(', '``', 'утопия', ""''"", ')', '', '', '', '', '', '', '', '', '', '', '', '', '', '', '', '', '', '', '', '', '', '', '', '', '', '', '', '', '', '', '', '', '', '', '', '', '', '', '', '', '', '', '', '', '', '', '', '', '', '', '', '', '', '', '', '', '', '', '', '', '', '', '', '', '', '', '', '', '', '', '', '', '', '', '', '', '', '', '', '', '', '', '', '', '', '', '', '', '', '', '', '', '']","['1', '.', '``', 'что', ""''"", '-', 'вопрос', '.', '2', '.', '``', 'где', ""''"", '-', 'ответ', '.', 'в', 'книге', '``', 'похвала', 'глупости', ""''"", 'роттердамский', 'пишет', ',', 'что', 'он', 'жил', 'в', '1912', 'году', 'в', 'городе', 'энсхеде', ',', 'но', 'в', '1913', 'году', 'переехал', 'в', 'энсхеде', ',', 'где', 'и', 'жил', 'до', 'своей', 'смерти', 'в', '1919', 'году', '.', '3', '.', '', '', '', '', '', '', '', '', '', '', '', '', '', '', '', '', '', '', '', '', '', '', '', '', '', '', '', '', '', '', '', '', '', '', '', '', '', '', '', '', '', '', '', '', '']",0.0,0
"Именно ему Эразм Роттердамский посвятил свою книгу ""Похвала глупости"", а церковь канонизировала его в 1935 году, хотя он и написал книгу о ""месте, которого нет"".","Угадайте, в какой категории из ""Что? Где? Когда?"" относится следующий вопрос: ""Именно ему Эразм Роттердамский посвятил свою книгу ""Похвала глупости"", а церковь канонизировала его в 1935 году, хотя он и написал книгу о ""месте, которого нет""."". Ваш ответ: ФИЛОСОФИЯ
Ответ: ","томас мор (""утопия"")","1. ""Похвала глупости"" посвящена в первую очередь вопросу о том, где и когда Роттердамский написал книгу. 2. В книге ""Похвала глупости"" Роттердамский рассказывает о том, где и когда он написал книгу. 3. В книге ""Похвала глупости"" Роттердамский","1. ""похвала глупости"" посвящена в первую очередь вопросу о том, где и когда роттердамский написал книгу. 2. в книге ""похвала глупости"" роттердамский рассказывает о том, где и когда он написал книгу. 3. в книге ""похвала глупости"" роттердамский","['томас', 'мор', '(', '``', 'утопия', ""''"", ')', '', '', '', '', '', '', '', '', '', '', '', '', '', '', '', '', '', '', '', '', '', '', '', '', '', '', '', '', '', '', '', '', '', '', '', '', '', '', '', '', '', '', '', '', '', '', '', '', '', '', '', '', '', '', '', '', '', '', '', '', '', '', '', '', '', '', '', '', '', '', '', '', '', '', '', '', '', '', '', '', '', '', '', '', '', '', '', '', '', '', '', '', '']","['1', '.', '``', 'похвала', 'глупости', ""''"", 'посвящена', 'в', 'первую', 'очередь', 'вопросу', 'о', 'том', ',', 'где', 'и', 'когда', 'роттердамский', 'написал', 'книгу', '.', '2.', 'в', 'книге', '``', 'похвала', 'глупости', ""''"", 'роттердамский', 'рассказывает', 'о', 'том', ',', 'где', 'и', 'когда', 'он', 'написал', 'книгу', '.', '3.', 'в', 'книге', '``', 'похвала', 'глупости', ""''"", 'роттердамский', '', '', '', '', '', '', '', '', '', '', '', '', '', '', '', '', '', '', '', '', '', '', '', '', '', '', '', '', '', '', '', '', '', '', '', '', '', '', '', '', '', '', '', '', '', '', '', '', '', '', '', '']",0.0,0
"ЭТОТ ОРЕХ является до такой степени важной частью экспорта Гренады, что даже попал на ее флаг.","Вы участвуете в викторине ""Что? Где? Когда?"". Внимательно прочитайте вопрос из категории ""Орехи"" и ответьте на него. Обратите внимание на формат ответа: если он не указан в вопросе, то запишите только слово или фразу, отвечающую на вопрос, никаких дополнительных рассуждений приводить не нужно.
Вопрос: ЭТОТ ОРЕХ является до такой степени важной частью экспорта Гренады, что даже попал на ее флаг.
Ответ: ",мускатный,"1. The fruit is so important to the export trade of Grenada that it has even made it onto the country's flag.
2. The fruit is so important to the export trade of Grenada that it has even made it onto the country's flag.
3. The fruit is so important to the export trade of Grenada that it has even made it onto the country's flag.
4. The fruit is so important to the export trade of Grenada that it","1. the fruit is so important to the export trade of grenada that it has even made it onto the country's flag.
2. the fruit is so important to the export trade of grenada that it has even made it onto the country's flag.
3. the fruit is so important to the export trade of grenada that it has even made it onto the country's flag.
4. the fruit is so important to the export trade of grenada that it","['мускатный', '', '', '', '', '', '', '', '', '', '', '', '', '', '', '', '', '', '', '', '', '', '', '', '', '', '', '', '', '', '', '', '', '', '', '', '', '', '', '', '', '', '', '', '', '', '', '', '', '', '', '', '', '', '', '', '', '', '', '', '', '', '', '', '', '', '', '', '', '', '', '', '', '', '', '', '', '', '', '', '', '', '', '', '', '', '', '', '', '', '', '', '', '', '', '', '', '', '', '']","['1.', 'the', 'fruit', 'is', 'so', 'important', 'to', 'the', 'export', 'trade', 'of', 'grenada', 'that', 'it', 'has', 'even', 'made', 'it', 'onto', 'the', 'country', ""'s"", 'flag', '.', '2.', 'the', 'fruit', 'is', 'so', 'important', 'to', 'the', 'export', 'trade', 'of', 'grenada', 'that', 'it', 'has', 'even', 'made', 'it', 'onto', 'the', 'country', ""'s"", 'flag', '.', '3.', 'the', 'fruit', 'is', 'so', 'important', 'to', 'the', 'export', 'trade', 'of', 'grenada', 'that', 'it', 'has', 'even', 'made', 'it', 'onto', 'the', 'country', ""'s"", 'flag', '.', '4.', 'the', 'fruit', 'is', 'so', 'important', 'to', 'the', 'export', 'trade', 'of', 'grenada', 'that', 'it', '', '', '', '', '', '', '', '', '', '', '', '', '', '']",0.0,0
"ЭТОТ ОРЕХ является до такой степени важной частью экспорта Гренады, что даже попал на ее флаг.","Прочитайте вопрос из категории ""Орехи"" и ответьте на него: ЭТОТ ОРЕХ является до такой степени важной частью экспорта Гренады, что даже попал на ее флаг.
Ответ: ",мускатный,"1. The question is about oranges.
2. The oranges are exported from Grenada.
3. The oranges are so important that they have even made it onto the country's flag.
4. The question is about the oranges.
5. The question is about the oranges.
6. The question is about the oranges.
7. The question is about the oranges.
8. The question is about the oranges.
","1. the question is about oranges.
2. the oranges are exported from grenada.
3. the oranges are so important that they have even made it onto the country's flag.
4. the question is about the oranges.
5. the question is about the oranges.
6. the question is about the oranges.
7. the question is about the oranges.
8. the question is about the oranges.
","['мускатный', '', '', '', '', '', '', '', '', '', '', '', '', '', '', '', '', '', '', '', '', '', '', '', '', '', '', '', '', '', '', '', '', '', '', '', '', '', '', '', '', '', '', '', '', '', '', '', '', '', '', '', '', '', '', '', '', '', '', '', '', '', '', '', '', '', '', '', '', '', '', '', '', '', '', '', '', '', '', '', '', '', '', '', '', '', '', '', '', '', '', '', '', '', '', '', '', '', '', '']","['1.', 'the', 'question', 'is', 'about', 'oranges', '.', '2.', 'the', 'oranges', 'are', 'exported', 'from', 'grenada', '.', '3.', 'the', 'oranges', 'are', 'so', 'important', 'that', 'they', 'have', 'even', 'made', 'it', 'onto', 'the', 'country', ""'s"", 'flag', '.', '4.', 'the', 'question', 'is', 'about', 'the', 'oranges', '.', '5.', 'the', 'question', 'is', 'about', 'the', 'oranges', '.', '6.', 'the', 'question', 'is', 'about', 'the', 'oranges', '.', '7.', 'the', 'question', 'is', 'about', 'the', 'oranges', '.', '8.', 'the', 'question', 'is', 'about', 'the', 'oranges', '.', '', '', '', '', '', '', '', '', '', '', '', '', '', '', '', '', '', '', '', '', '', '', '', '', '', '', '']",0.0,0
"ЭТОТ ОРЕХ является до такой степени важной частью экспорта Гренады, что даже попал на ее флаг.","Вы участвуете в викторине ""Что? Где? Когда?"". Внимательно прочитайте вопрос из категории ""Орехи"" и ответьте на него. Обратите внимание на формат ответа: если он не указан в вопросе, то запишите только слово или фразу, отвечающую на вопрос, никаких дополнительных рассуждений приводить не нужно.
Вопрос: ЭТОТ ОРЕХ является до такой степени важной частью экспорта Гренады, что даже попал на ее флаг.
Ответ: ",мускатный,"1. The fruit is so important to the export trade of Grenada that it has even made it onto the country's flag.
2. The fruit is so important to the export trade of Grenada that it has even made it onto the country's flag.
3. The fruit is so important to the export trade of Grenada that it has even made it onto the country's flag.
4. The fruit is so important to the export trade of Grenada that it","1. the fruit is so important to the export trade of grenada that it has even made it onto the country's flag.
2. the fruit is so important to the export trade of grenada that it has even made it onto the country's flag.
3. the fruit is so important to the export trade of grenada that it has even made it onto the country's flag.
4. the fruit is so important to the export trade of grenada that it","['мускатный', '', '', '', '', '', '', '', '', '', '', '', '', '', '', '', '', '', '', '', '', '', '', '', '', '', '', '', '', '', '', '', '', '', '', '', '', '', '', '', '', '', '', '', '', '', '', '', '', '', '', '', '', '', '', '', '', '', '', '', '', '', '', '', '', '', '', '', '', '', '', '', '', '', '', '', '', '', '', '', '', '', '', '', '', '', '', '', '', '', '', '', '', '', '', '', '', '', '', '']","['1.', 'the', 'fruit', 'is', 'so', 'important', 'to', 'the', 'export', 'trade', 'of', 'grenada', 'that', 'it', 'has', 'even', 'made', 'it', 'onto', 'the', 'country', ""'s"", 'flag', '.', '2.', 'the', 'fruit', 'is', 'so', 'important', 'to', 'the', 'export', 'trade', 'of', 'grenada', 'that', 'it', 'has', 'even', 'made', 'it', 'onto', 'the', 'country', ""'s"", 'flag', '.', '3.', 'the', 'fruit', 'is', 'so', 'important', 'to', 'the', 'export', 'trade', 'of', 'grenada', 'that', 'it', 'has', 'even', 'made', 'it', 'onto', 'the', 'country', ""'s"", 'flag', '.', '4.', 'the', 'fruit', 'is', 'so', 'important', 'to', 'the', 'export', 'trade', 'of', 'grenada', 'that', 'it', '', '', '', '', '', '', '', '', '', '', '', '', '', '']",0.0,0
"ЭТОТ ОРЕХ является до такой степени важной частью экспорта Гренады, что даже попал на ее флаг.","Вы участвуете в викторине ""Что? Где? Когда?"". Прочитайте внимательно вопрос из категории ""Орехи"" и дайте точный ответ. Вопрос: ЭТОТ ОРЕХ является до такой степени важной частью экспорта Гренады, что даже попал на ее флаг.
Ответ: ",мускатный,"1. ""Орехи"" - это до такой степени важной частью экспорта Гренады, что даже попал на ее флаг.
2. ""Орехи"" - это до такой степени важной частью экспорта Гренады, что даже попал на ее флаг.
3. ""Орехи"" - это до такой степени важной частью экспорта Гренады,","1. ""орехи"" - это до такой степени важной частью экспорта гренады, что даже попал на ее флаг.
2. ""орехи"" - это до такой степени важной частью экспорта гренады, что даже попал на ее флаг.
3. ""орехи"" - это до такой степени важной частью экспорта гренады,","['мускатный', '', '', '', '', '', '', '', '', '', '', '', '', '', '', '', '', '', '', '', '', '', '', '', '', '', '', '', '', '', '', '', '', '', '', '', '', '', '', '', '', '', '', '', '', '', '', '', '', '', '', '', '', '', '', '', '', '', '', '', '', '', '', '', '', '', '', '', '', '', '', '', '', '', '', '', '', '', '', '', '', '', '', '', '', '', '', '', '', '', '', '', '', '', '', '', '', '', '', '']","['1', '.', '``', 'орехи', ""''"", '-', 'это', 'до', 'такой', 'степени', 'важной', 'частью', 'экспорта', 'гренады', ',', 'что', 'даже', 'попал', 'на', 'ее', 'флаг', '.', '2', '.', '``', 'орехи', ""''"", '-', 'это', 'до', 'такой', 'степени', 'важной', 'частью', 'экспорта', 'гренады', ',', 'что', 'даже', 'попал', 'на', 'ее', 'флаг', '.', '3', '.', '``', 'орехи', ""''"", '-', 'это', 'до', 'такой', 'степени', 'важной', 'частью', 'экспорта', 'гренады', ',', '', '', '', '', '', '', '', '', '', '', '', '', '', '', '', '', '', '', '', '', '', '', '', '', '', '', '', '', '', '', '', '', '', '', '', '', '', '', '', '', '']",0.0,0
"ЭТОТ ОРЕХ является до такой степени важной частью экспорта Гренады, что даже попал на ее флаг.","Угадайте, в какой категории из ""Что? Где? Когда?"" относится следующий вопрос: ""ЭТОТ ОРЕХ является до такой степени важной частью экспорта Гренады, что даже попал на ее флаг."". Ваш ответ: Орехи
Ответ: ",мускатный,"1. ""Этот орех является до такой степени важной частью экспорта Гренады, что даже попал на ее флаг.""

2. ""Этот орех является до такой степени важной частью экспорта Гренады, что даже попал на ее флаг.""

3. ""Этот орех является до такой степени важной частью экспор","1. ""этот орех является до такой степени важной частью экспорта гренады, что даже попал на ее флаг.""

2. ""этот орех является до такой степени важной частью экспорта гренады, что даже попал на ее флаг.""

3. ""этот орех является до такой степени важной частью экспор","['мускатный', '', '', '', '', '', '', '', '', '', '', '', '', '', '', '', '', '', '', '', '', '', '', '', '', '', '', '', '', '', '', '', '', '', '', '', '', '', '', '', '', '', '', '', '', '', '', '', '', '', '', '', '', '', '', '', '', '', '', '', '', '', '', '', '', '', '', '', '', '', '', '', '', '', '', '', '', '', '', '', '', '', '', '', '', '', '', '', '', '', '', '', '', '', '', '', '', '', '', '']","['1', '.', '``', 'этот', 'орех', 'является', 'до', 'такой', 'степени', 'важной', 'частью', 'экспорта', 'гренады', ',', 'что', 'даже', 'попал', 'на', 'ее', 'флаг', '.', ""''"", '2', '.', '``', 'этот', 'орех', 'является', 'до', 'такой', 'степени', 'важной', 'частью', 'экспорта', 'гренады', ',', 'что', 'даже', 'попал', 'на', 'ее', 'флаг', '.', ""''"", '3', '.', '``', 'этот', 'орех', 'является', 'до', 'такой', 'степени', 'важной', 'частью', 'экспор', '', '', '', '', '', '', '', '', '', '', '', '', '', '', '', '', '', '', '', '', '', '', '', '', '', '', '', '', '', '', '', '', '', '', '', '', '', '', '', '', '', '', '', '']",0.0,0
